enc_name,caption_type,participant,roi,rs
Qwen3 Embedding,MS COCO,1,all,0.1794555391427705
Qwen3 Embedding,MS COCO,2,all,0.1679965289231764
Qwen3 Embedding,MS COCO,3,all,0.1388706159074857
Qwen3 Embedding,MS COCO,4,all,0.1279310106312668
Qwen3 Embedding,MS COCO,5,all,0.2284926712638121
Qwen3 Embedding,MS COCO,6,all,0.1317539026296515
Qwen3 Embedding,MS COCO,7,all,0.0978629457226662
Qwen3 Embedding,MS COCO,8,all,0.1020542062669315
Qwen3 Embedding,MS COCO,1,places,0.1416910942741663
Qwen3 Embedding,MS COCO,2,places,0.1591716273226597
Qwen3 Embedding,MS COCO,3,places,0.1413011469667006
Qwen3 Embedding,MS COCO,4,places,0.1241652475978911
Qwen3 Embedding,MS COCO,5,places,0.212159821723941
Qwen3 Embedding,MS COCO,6,places,0.1457494263277602
Qwen3 Embedding,MS COCO,7,places,0.1195004244704139
Qwen3 Embedding,MS COCO,8,places,0.1014985733259753
Qwen3 Embedding,MS COCO,1,faces,0.1418031039410793
Qwen3 Embedding,MS COCO,2,faces,0.1084910389839924
Qwen3 Embedding,MS COCO,3,faces,0.121715299578975
Qwen3 Embedding,MS COCO,4,faces,0.06903210649644
Qwen3 Embedding,MS COCO,5,faces,0.210729344989329
Qwen3 Embedding,MS COCO,6,faces,0.1213128636648665
Qwen3 Embedding,MS COCO,7,faces,0.1019568178176891
Qwen3 Embedding,MS COCO,8,faces,0.0739241529664358
Qwen3 Embedding,MS COCO,1,bodies,0.2032908547110538
Qwen3 Embedding,MS COCO,2,bodies,0.1879765592766573
Qwen3 Embedding,MS COCO,3,bodies,0.1579860354254958
Qwen3 Embedding,MS COCO,4,bodies,0.1429149317923424
Qwen3 Embedding,MS COCO,5,bodies,0.2259237899481489
Qwen3 Embedding,MS COCO,6,bodies,0.1341319953268111
Qwen3 Embedding,MS COCO,7,bodies,0.1320502645596364
Qwen3 Embedding,MS COCO,8,bodies,0.0893519653199154
Qwen3 Embedding,LLaVA-OV,1,all,0.2483420855961028
Qwen3 Embedding,LLaVA-OV,2,all,0.2179788735863344
Qwen3 Embedding,LLaVA-OV,3,all,0.1581434397908418
Qwen3 Embedding,LLaVA-OV,4,all,0.1525341348669693
Qwen3 Embedding,LLaVA-OV,5,all,0.2591818552042083
Qwen3 Embedding,LLaVA-OV,6,all,0.144838066227385
Qwen3 Embedding,LLaVA-OV,7,all,0.1337302547401035
Qwen3 Embedding,LLaVA-OV,8,all,0.068441946106848
Qwen3 Embedding,LLaVA-OV,1,places,0.1317228417154264
Qwen3 Embedding,LLaVA-OV,2,places,0.1579564271991659
Qwen3 Embedding,LLaVA-OV,3,places,0.1107343471684591
Qwen3 Embedding,LLaVA-OV,4,places,0.1277809740827855
Qwen3 Embedding,LLaVA-OV,5,places,0.1950751566876268
Qwen3 Embedding,LLaVA-OV,6,places,0.1261140205708449
Qwen3 Embedding,LLaVA-OV,7,places,0.1170208620523649
Qwen3 Embedding,LLaVA-OV,8,places,0.0786830509571845
Qwen3 Embedding,LLaVA-OV,1,faces,0.228604090365411
Qwen3 Embedding,LLaVA-OV,2,faces,0.1615550071350605
Qwen3 Embedding,LLaVA-OV,3,faces,0.1460921809485887
Qwen3 Embedding,LLaVA-OV,4,faces,0.0950007809696625
Qwen3 Embedding,LLaVA-OV,5,faces,0.2903346993927444
Qwen3 Embedding,LLaVA-OV,6,faces,0.1734245759228194
Qwen3 Embedding,LLaVA-OV,7,faces,0.1572991246529421
Qwen3 Embedding,LLaVA-OV,8,faces,0.0811636691516928
Qwen3 Embedding,LLaVA-OV,1,bodies,0.3345405042559155
Qwen3 Embedding,LLaVA-OV,2,bodies,0.3293718499827948
Qwen3 Embedding,LLaVA-OV,3,bodies,0.2115865570273931
Qwen3 Embedding,LLaVA-OV,4,bodies,0.2120959846325859
Qwen3 Embedding,LLaVA-OV,5,bodies,0.2928534961527207
Qwen3 Embedding,LLaVA-OV,6,bodies,0.1999321586402176
Qwen3 Embedding,LLaVA-OV,7,bodies,0.2044921253458377
Qwen3 Embedding,LLaVA-OV,8,bodies,0.1082244290381345
Qwen3 Embedding,Phi-4,1,all,0.250798015742866
Qwen3 Embedding,Phi-4,2,all,0.2426309331682701
Qwen3 Embedding,Phi-4,3,all,0.161641024601627
Qwen3 Embedding,Phi-4,4,all,0.1518635377445521
Qwen3 Embedding,Phi-4,5,all,0.2560477210272919
Qwen3 Embedding,Phi-4,6,all,0.1532985226225275
Qwen3 Embedding,Phi-4,7,all,0.1303360358865624
Qwen3 Embedding,Phi-4,8,all,0.0843216463999357
Qwen3 Embedding,Phi-4,1,places,0.1456943768796958
Qwen3 Embedding,Phi-4,2,places,0.1788119935453204
Qwen3 Embedding,Phi-4,3,places,0.1323326526470704
Qwen3 Embedding,Phi-4,4,places,0.1415751898410485
Qwen3 Embedding,Phi-4,5,places,0.213271724344902
Qwen3 Embedding,Phi-4,6,places,0.1524927642417821
Qwen3 Embedding,Phi-4,7,places,0.1386478523468789
Qwen3 Embedding,Phi-4,8,places,0.106739861534252
Qwen3 Embedding,Phi-4,1,faces,0.227009098101742
Qwen3 Embedding,Phi-4,2,faces,0.1624295909843575
Qwen3 Embedding,Phi-4,3,faces,0.1490318079833031
Qwen3 Embedding,Phi-4,4,faces,0.0880608264254743
Qwen3 Embedding,Phi-4,5,faces,0.2936315798209569
Qwen3 Embedding,Phi-4,6,faces,0.1721447602627988
Qwen3 Embedding,Phi-4,7,faces,0.157298576622404
Qwen3 Embedding,Phi-4,8,faces,0.0730034859308861
Qwen3 Embedding,Phi-4,1,bodies,0.331054071302209
Qwen3 Embedding,Phi-4,2,bodies,0.3418237256803398
Qwen3 Embedding,Phi-4,3,bodies,0.2110205455691889
Qwen3 Embedding,Phi-4,4,bodies,0.2079380706459035
Qwen3 Embedding,Phi-4,5,bodies,0.264367303035147
Qwen3 Embedding,Phi-4,6,bodies,0.2005266133838426
Qwen3 Embedding,Phi-4,7,bodies,0.1899964323338823
Qwen3 Embedding,Phi-4,8,bodies,0.1012668265520161
Qwen3 Embedding,Pixtral,1,all,0.257715089923146
Qwen3 Embedding,Pixtral,2,all,0.2222804494399601
Qwen3 Embedding,Pixtral,3,all,0.1723935620557444
Qwen3 Embedding,Pixtral,4,all,0.1509178679558209
Qwen3 Embedding,Pixtral,5,all,0.2455577018257924
Qwen3 Embedding,Pixtral,6,all,0.14393232918786
Qwen3 Embedding,Pixtral,7,all,0.1596024029165588
Qwen3 Embedding,Pixtral,8,all,0.0690220359598985
Qwen3 Embedding,Pixtral,1,places,0.125192811651408
Qwen3 Embedding,Pixtral,2,places,0.1251390850379649
Qwen3 Embedding,Pixtral,3,places,0.1011947027519257
Qwen3 Embedding,Pixtral,4,places,0.1023088700703558
Qwen3 Embedding,Pixtral,5,places,0.1532323622724271
Qwen3 Embedding,Pixtral,6,places,0.1085200450673774
Qwen3 Embedding,Pixtral,7,places,0.0994473981321573
Qwen3 Embedding,Pixtral,8,places,0.0385329848000803
Qwen3 Embedding,Pixtral,1,faces,0.2320336978734041
Qwen3 Embedding,Pixtral,2,faces,0.1244447344934514
Qwen3 Embedding,Pixtral,3,faces,0.1431628040239064
Qwen3 Embedding,Pixtral,4,faces,0.0778159358805853
Qwen3 Embedding,Pixtral,5,faces,0.2647217823502353
Qwen3 Embedding,Pixtral,6,faces,0.1553159760526575
Qwen3 Embedding,Pixtral,7,faces,0.1472060472971801
Qwen3 Embedding,Pixtral,8,faces,0.0824020957490286
Qwen3 Embedding,Pixtral,1,bodies,0.3222955797591785
Qwen3 Embedding,Pixtral,2,bodies,0.2995938540331707
Qwen3 Embedding,Pixtral,3,bodies,0.2145576521040187
Qwen3 Embedding,Pixtral,4,bodies,0.1832216024354303
Qwen3 Embedding,Pixtral,5,bodies,0.2760625895389481
Qwen3 Embedding,Pixtral,6,bodies,0.1792353461494248
Qwen3 Embedding,Pixtral,7,bodies,0.1913278402592992
Qwen3 Embedding,Pixtral,8,bodies,0.1041753452579501
Qwen3 Embedding,Qwen2.5-VL,1,all,0.2625264840145217
Qwen3 Embedding,Qwen2.5-VL,2,all,0.2401537747132156
Qwen3 Embedding,Qwen2.5-VL,3,all,0.1524892659215372
Qwen3 Embedding,Qwen2.5-VL,4,all,0.1735658590370513
Qwen3 Embedding,Qwen2.5-VL,5,all,0.2542996289946804
Qwen3 Embedding,Qwen2.5-VL,6,all,0.1309343183865666
Qwen3 Embedding,Qwen2.5-VL,7,all,0.1492459892394496
Qwen3 Embedding,Qwen2.5-VL,8,all,0.0739309954151082
Qwen3 Embedding,Qwen2.5-VL,1,places,0.1253996990161125
Qwen3 Embedding,Qwen2.5-VL,2,places,0.152713397290452
Qwen3 Embedding,Qwen2.5-VL,3,places,0.0777101313923016
Qwen3 Embedding,Qwen2.5-VL,4,places,0.0948302471796592
Qwen3 Embedding,Qwen2.5-VL,5,places,0.1471928623650652
Qwen3 Embedding,Qwen2.5-VL,6,places,0.0798374405899843
Qwen3 Embedding,Qwen2.5-VL,7,places,0.0500405081016783
Qwen3 Embedding,Qwen2.5-VL,8,places,0.0460275536572182
Qwen3 Embedding,Qwen2.5-VL,1,faces,0.2302088578238509
Qwen3 Embedding,Qwen2.5-VL,2,faces,0.1241669282218899
Qwen3 Embedding,Qwen2.5-VL,3,faces,0.1348609992430915
Qwen3 Embedding,Qwen2.5-VL,4,faces,0.0989446180055508
Qwen3 Embedding,Qwen2.5-VL,5,faces,0.2674004750569078
Qwen3 Embedding,Qwen2.5-VL,6,faces,0.1400317790227581
Qwen3 Embedding,Qwen2.5-VL,7,faces,0.1349893132867977
Qwen3 Embedding,Qwen2.5-VL,8,faces,0.0860040673075031
Qwen3 Embedding,Qwen2.5-VL,1,bodies,0.3346257508203216
Qwen3 Embedding,Qwen2.5-VL,2,bodies,0.3147331661470366
Qwen3 Embedding,Qwen2.5-VL,3,bodies,0.2098799407802584
Qwen3 Embedding,Qwen2.5-VL,4,bodies,0.2082420669934673
Qwen3 Embedding,Qwen2.5-VL,5,bodies,0.2842517357211045
Qwen3 Embedding,Qwen2.5-VL,6,bodies,0.1715893145697718
Qwen3 Embedding,Qwen2.5-VL,7,bodies,0.1853941895014001
Qwen3 Embedding,Qwen2.5-VL,8,bodies,0.1182979845178344
Qwen3 Embedding,Molmo,1,all,0.2680487521239839
Qwen3 Embedding,Molmo,2,all,0.2260610045781537
Qwen3 Embedding,Molmo,3,all,0.1847428766352958
Qwen3 Embedding,Molmo,4,all,0.2118058081231121
Qwen3 Embedding,Molmo,5,all,0.284056185275796
Qwen3 Embedding,Molmo,6,all,0.1591590599975186
Qwen3 Embedding,Molmo,7,all,0.1817934835239298
Qwen3 Embedding,Molmo,8,all,0.0923612563949698
Qwen3 Embedding,Molmo,1,places,0.131022493477497
Qwen3 Embedding,Molmo,2,places,0.1406830183850603
Qwen3 Embedding,Molmo,3,places,0.1225923105687053
Qwen3 Embedding,Molmo,4,places,0.1074269320760099
Qwen3 Embedding,Molmo,5,places,0.1683227346858227
Qwen3 Embedding,Molmo,6,places,0.1137289789263635
Qwen3 Embedding,Molmo,7,places,0.1128760914544571
Qwen3 Embedding,Molmo,8,places,0.0772646650400525
Qwen3 Embedding,Molmo,1,faces,0.243537855007724
Qwen3 Embedding,Molmo,2,faces,0.1296023479147062
Qwen3 Embedding,Molmo,3,faces,0.1650433768579002
Qwen3 Embedding,Molmo,4,faces,0.1377302269651751
Qwen3 Embedding,Molmo,5,faces,0.270149952590404
Qwen3 Embedding,Molmo,6,faces,0.168364878951318
Qwen3 Embedding,Molmo,7,faces,0.1542423600801059
Qwen3 Embedding,Molmo,8,faces,0.101302253775559
Qwen3 Embedding,Molmo,1,bodies,0.3289018655465353
Qwen3 Embedding,Molmo,2,bodies,0.2776385416280545
Qwen3 Embedding,Molmo,3,bodies,0.2355266176456565
Qwen3 Embedding,Molmo,4,bodies,0.2516386846975705
Qwen3 Embedding,Molmo,5,bodies,0.3123447471016967
Qwen3 Embedding,Molmo,6,bodies,0.2107766032383255
Qwen3 Embedding,Molmo,7,bodies,0.2051855747887695
Qwen3 Embedding,Molmo,8,bodies,0.1321095259061268
Kalm Embedding,MS COCO,1,all,0.1769766220615637
Kalm Embedding,MS COCO,2,all,0.1586888842390666
Kalm Embedding,MS COCO,3,all,0.0979606912116644
Kalm Embedding,MS COCO,4,all,0.121015210047099
Kalm Embedding,MS COCO,5,all,0.2132974466521947
Kalm Embedding,MS COCO,6,all,0.1148700447931113
Kalm Embedding,MS COCO,7,all,0.088078743275962
Kalm Embedding,MS COCO,8,all,0.027074900681902
Kalm Embedding,MS COCO,1,places,0.1379355514816937
Kalm Embedding,MS COCO,2,places,0.1242575880144415
Kalm Embedding,MS COCO,3,places,0.1058244024368086
Kalm Embedding,MS COCO,4,places,0.1171517346054268
Kalm Embedding,MS COCO,5,places,0.1516116615346448
Kalm Embedding,MS COCO,6,places,0.1354845901607505
Kalm Embedding,MS COCO,7,places,0.1054582686941816
Kalm Embedding,MS COCO,8,places,0.0526249271334787
Kalm Embedding,MS COCO,1,faces,0.0543232916752446
Kalm Embedding,MS COCO,2,faces,0.0512336786323429
Kalm Embedding,MS COCO,3,faces,0.047698665269316
Kalm Embedding,MS COCO,4,faces,0.0398298034540487
Kalm Embedding,MS COCO,5,faces,0.1169721835221938
Kalm Embedding,MS COCO,6,faces,0.0574403995327019
Kalm Embedding,MS COCO,7,faces,0.0647158010017221
Kalm Embedding,MS COCO,8,faces,0.0257282032088452
Kalm Embedding,MS COCO,1,bodies,0.1252888541918233
Kalm Embedding,MS COCO,2,bodies,0.074654959942419
Kalm Embedding,MS COCO,3,bodies,0.0656106795807439
Kalm Embedding,MS COCO,4,bodies,0.1094643341168298
Kalm Embedding,MS COCO,5,bodies,0.2001507638936296
Kalm Embedding,MS COCO,6,bodies,0.0759691617438556
Kalm Embedding,MS COCO,7,bodies,0.0678951783160968
Kalm Embedding,MS COCO,8,bodies,0.0122531864147439
Kalm Embedding,LLaVA-OV,1,all,0.2318477676670671
Kalm Embedding,LLaVA-OV,2,all,0.2188414164932805
Kalm Embedding,LLaVA-OV,3,all,0.1103850087591609
Kalm Embedding,LLaVA-OV,4,all,0.142042091878871
Kalm Embedding,LLaVA-OV,5,all,0.2557781027671961
Kalm Embedding,LLaVA-OV,6,all,0.1305313823731488
Kalm Embedding,LLaVA-OV,7,all,0.1383036165359518
Kalm Embedding,LLaVA-OV,8,all,0.0604684502802087
Kalm Embedding,LLaVA-OV,1,places,0.1558749352705927
Kalm Embedding,LLaVA-OV,2,places,0.1782471172549496
Kalm Embedding,LLaVA-OV,3,places,0.1394689215059523
Kalm Embedding,LLaVA-OV,4,places,0.1506484889807379
Kalm Embedding,LLaVA-OV,5,places,0.2018602212216569
Kalm Embedding,LLaVA-OV,6,places,0.1758083581868681
Kalm Embedding,LLaVA-OV,7,places,0.1380073202746994
Kalm Embedding,LLaVA-OV,8,places,0.0895360971945371
Kalm Embedding,LLaVA-OV,1,faces,0.1432076450345791
Kalm Embedding,LLaVA-OV,2,faces,0.0936126616370744
Kalm Embedding,LLaVA-OV,3,faces,0.062261318145298
Kalm Embedding,LLaVA-OV,4,faces,0.054831517825294
Kalm Embedding,LLaVA-OV,5,faces,0.1851859825835781
Kalm Embedding,LLaVA-OV,6,faces,0.0918249935785716
Kalm Embedding,LLaVA-OV,7,faces,0.0597507144130526
Kalm Embedding,LLaVA-OV,8,faces,0.0312140580111177
Kalm Embedding,LLaVA-OV,1,bodies,0.23855822809777
Kalm Embedding,LLaVA-OV,2,bodies,0.1903912109886273
Kalm Embedding,LLaVA-OV,3,bodies,0.1182530036878021
Kalm Embedding,LLaVA-OV,4,bodies,0.1660442872687916
Kalm Embedding,LLaVA-OV,5,bodies,0.2871341238493292
Kalm Embedding,LLaVA-OV,6,bodies,0.1238772023302566
Kalm Embedding,LLaVA-OV,7,bodies,0.1485721697984456
Kalm Embedding,LLaVA-OV,8,bodies,0.0778834023486258
Kalm Embedding,Phi-4,1,all,0.227749125529798
Kalm Embedding,Phi-4,2,all,0.2229224847378406
Kalm Embedding,Phi-4,3,all,0.1226578109847688
Kalm Embedding,Phi-4,4,all,0.155117175424782
Kalm Embedding,Phi-4,5,all,0.2501786360192263
Kalm Embedding,Phi-4,6,all,0.1397142268463464
Kalm Embedding,Phi-4,7,all,0.1329553857147397
Kalm Embedding,Phi-4,8,all,0.0893634235706083
Kalm Embedding,Phi-4,1,places,0.1680452379998257
Kalm Embedding,Phi-4,2,places,0.1671138371103114
Kalm Embedding,Phi-4,3,places,0.1436859473262359
Kalm Embedding,Phi-4,4,places,0.1547531489180343
Kalm Embedding,Phi-4,5,places,0.2136706332477504
Kalm Embedding,Phi-4,6,places,0.1711529205566102
Kalm Embedding,Phi-4,7,places,0.1419861862028002
Kalm Embedding,Phi-4,8,places,0.117338877534885
Kalm Embedding,Phi-4,1,faces,0.1991231599171225
Kalm Embedding,Phi-4,2,faces,0.1352051978732117
Kalm Embedding,Phi-4,3,faces,0.1219433560853906
Kalm Embedding,Phi-4,4,faces,0.0751576359708114
Kalm Embedding,Phi-4,5,faces,0.2419697920890846
Kalm Embedding,Phi-4,6,faces,0.1405981422355292
Kalm Embedding,Phi-4,7,faces,0.11340169697583
Kalm Embedding,Phi-4,8,faces,0.0478521900701434
Kalm Embedding,Phi-4,1,bodies,0.2984999325957948
Kalm Embedding,Phi-4,2,bodies,0.2968135430419661
Kalm Embedding,Phi-4,3,bodies,0.1804213695364401
Kalm Embedding,Phi-4,4,bodies,0.2047772461971159
Kalm Embedding,Phi-4,5,bodies,0.2913423936206499
Kalm Embedding,Phi-4,6,bodies,0.1729804478058809
Kalm Embedding,Phi-4,7,bodies,0.166874051604122
Kalm Embedding,Phi-4,8,bodies,0.0860510476950323
Kalm Embedding,Pixtral,1,all,0.2579441482563466
Kalm Embedding,Pixtral,2,all,0.244539166022646
Kalm Embedding,Pixtral,3,all,0.1345394149423866
Kalm Embedding,Pixtral,4,all,0.1653256385019544
Kalm Embedding,Pixtral,5,all,0.2687762284716414
Kalm Embedding,Pixtral,6,all,0.1639230910741943
Kalm Embedding,Pixtral,7,all,0.173394177977232
Kalm Embedding,Pixtral,8,all,0.0446348804245158
Kalm Embedding,Pixtral,1,places,0.1862198316129531
Kalm Embedding,Pixtral,2,places,0.1841833862957105
Kalm Embedding,Pixtral,3,places,0.1403023851786872
Kalm Embedding,Pixtral,4,places,0.1545600434761213
Kalm Embedding,Pixtral,5,places,0.2019905632395164
Kalm Embedding,Pixtral,6,places,0.1553418445101667
Kalm Embedding,Pixtral,7,places,0.14246190342977
Kalm Embedding,Pixtral,8,places,0.0523906279763001
Kalm Embedding,Pixtral,1,faces,0.1393871648365684
Kalm Embedding,Pixtral,2,faces,0.0934820015222082
Kalm Embedding,Pixtral,3,faces,0.0509788490315173
Kalm Embedding,Pixtral,4,faces,0.0587033541321121
Kalm Embedding,Pixtral,5,faces,0.1948128088972397
Kalm Embedding,Pixtral,6,faces,0.1185142184038159
Kalm Embedding,Pixtral,7,faces,0.0864029160624852
Kalm Embedding,Pixtral,8,faces,0.0550922927127588
Kalm Embedding,Pixtral,1,bodies,0.2387889369234081
Kalm Embedding,Pixtral,2,bodies,0.1988383791378188
Kalm Embedding,Pixtral,3,bodies,0.1046229255402924
Kalm Embedding,Pixtral,4,bodies,0.1491903373333102
Kalm Embedding,Pixtral,5,bodies,0.2578850421391269
Kalm Embedding,Pixtral,6,bodies,0.1389117326435621
Kalm Embedding,Pixtral,7,bodies,0.1767147367816644
Kalm Embedding,Pixtral,8,bodies,0.0516011893827001
Kalm Embedding,Qwen2.5-VL,1,all,0.2505587178343665
Kalm Embedding,Qwen2.5-VL,2,all,0.2344723797261712
Kalm Embedding,Qwen2.5-VL,3,all,0.1075797590035114
Kalm Embedding,Qwen2.5-VL,4,all,0.1699043614124721
Kalm Embedding,Qwen2.5-VL,5,all,0.2785078896578109
Kalm Embedding,Qwen2.5-VL,6,all,0.1475347851426802
Kalm Embedding,Qwen2.5-VL,7,all,0.162283049879065
Kalm Embedding,Qwen2.5-VL,8,all,0.040633637446332
Kalm Embedding,Qwen2.5-VL,1,places,0.1285754653899907
Kalm Embedding,Qwen2.5-VL,2,places,0.1408448072058715
Kalm Embedding,Qwen2.5-VL,3,places,0.0748291404769507
Kalm Embedding,Qwen2.5-VL,4,places,0.1069632104310557
Kalm Embedding,Qwen2.5-VL,5,places,0.1505288167043528
Kalm Embedding,Qwen2.5-VL,6,places,0.0944749728744937
Kalm Embedding,Qwen2.5-VL,7,places,0.095884530908982
Kalm Embedding,Qwen2.5-VL,8,places,0.0056206511236742
Kalm Embedding,Qwen2.5-VL,1,faces,0.1365840230119865
Kalm Embedding,Qwen2.5-VL,2,faces,0.0981514835836333
Kalm Embedding,Qwen2.5-VL,3,faces,0.0479395984750292
Kalm Embedding,Qwen2.5-VL,4,faces,0.0571262022114111
Kalm Embedding,Qwen2.5-VL,5,faces,0.2086491695775865
Kalm Embedding,Qwen2.5-VL,6,faces,0.1244123228641384
Kalm Embedding,Qwen2.5-VL,7,faces,0.0891224274025908
Kalm Embedding,Qwen2.5-VL,8,faces,0.0190998676502957
Kalm Embedding,Qwen2.5-VL,1,bodies,0.2648385804791692
Kalm Embedding,Qwen2.5-VL,2,bodies,0.2233444554444339
Kalm Embedding,Qwen2.5-VL,3,bodies,0.1133644098151252
Kalm Embedding,Qwen2.5-VL,4,bodies,0.1791953968379286
Kalm Embedding,Qwen2.5-VL,5,bodies,0.2867025034212908
Kalm Embedding,Qwen2.5-VL,6,bodies,0.1435624830462544
Kalm Embedding,Qwen2.5-VL,7,bodies,0.1880681795582706
Kalm Embedding,Qwen2.5-VL,8,bodies,0.0597840683360095
Kalm Embedding,Molmo,1,all,0.2529738958190889
Kalm Embedding,Molmo,2,all,0.2456649220579439
Kalm Embedding,Molmo,3,all,0.1448695654459048
Kalm Embedding,Molmo,4,all,0.1843800699663189
Kalm Embedding,Molmo,5,all,0.2831997486566059
Kalm Embedding,Molmo,6,all,0.1649037755231426
Kalm Embedding,Molmo,7,all,0.1715762272830074
Kalm Embedding,Molmo,8,all,0.0690239623339626
Kalm Embedding,Molmo,1,places,0.1886483380934306
Kalm Embedding,Molmo,2,places,0.1970523108400659
Kalm Embedding,Molmo,3,places,0.1629605566012117
Kalm Embedding,Molmo,4,places,0.1526756385596291
Kalm Embedding,Molmo,5,places,0.2224168573169165
Kalm Embedding,Molmo,6,places,0.1740512077882914
Kalm Embedding,Molmo,7,places,0.1487616366340429
Kalm Embedding,Molmo,8,places,0.0649950736812312
Kalm Embedding,Molmo,1,faces,0.1490441773869406
Kalm Embedding,Molmo,2,faces,0.0846486158665983
Kalm Embedding,Molmo,3,faces,0.045422435595842
Kalm Embedding,Molmo,4,faces,0.0748613670613212
Kalm Embedding,Molmo,5,faces,0.1625450463139432
Kalm Embedding,Molmo,6,faces,0.1076679164389882
Kalm Embedding,Molmo,7,faces,0.0920732197438691
Kalm Embedding,Molmo,8,faces,0.0715794959498133
Kalm Embedding,Molmo,1,bodies,0.2377387429328012
Kalm Embedding,Molmo,2,bodies,0.1797138883867251
Kalm Embedding,Molmo,3,bodies,0.1093602948966409
Kalm Embedding,Molmo,4,bodies,0.1840277312951961
Kalm Embedding,Molmo,5,bodies,0.2591852862346797
Kalm Embedding,Molmo,6,bodies,0.13319339084336
Kalm Embedding,Molmo,7,bodies,0.1672043090762752
Kalm Embedding,Molmo,8,bodies,0.0959393254787328
BERT,MS COCO,1,all,0.1324198707499103
BERT,MS COCO,2,all,0.1052465371906231
BERT,MS COCO,3,all,0.0745693355993863
BERT,MS COCO,4,all,0.0730827180347914
BERT,MS COCO,5,all,0.1382715820265633
BERT,MS COCO,6,all,0.0627367347942226
BERT,MS COCO,7,all,0.0609688220076184
BERT,MS COCO,8,all,0.0503143317091682
BERT,MS COCO,1,places,0.0500621195863191
BERT,MS COCO,2,places,0.04057096325999
BERT,MS COCO,3,places,0.0282405303478608
BERT,MS COCO,4,places,0.0163023940254844
BERT,MS COCO,5,places,0.0548428925993394
BERT,MS COCO,6,places,0.0320480901009066
BERT,MS COCO,7,places,0.0133542118011285
BERT,MS COCO,8,places,0.0283898607647814
BERT,MS COCO,1,faces,0.1102694701475061
BERT,MS COCO,2,faces,0.0614702499417325
BERT,MS COCO,3,faces,0.0902349504295524
BERT,MS COCO,4,faces,0.0545740257598263
BERT,MS COCO,5,faces,0.1540934475621629
BERT,MS COCO,6,faces,0.0695731089340529
BERT,MS COCO,7,faces,0.0670180678694527
BERT,MS COCO,8,faces,0.0499809750306193
BERT,MS COCO,1,bodies,0.1498030709630875
BERT,MS COCO,2,bodies,0.1373851532191218
BERT,MS COCO,3,bodies,0.1093398675822643
BERT,MS COCO,4,bodies,0.098913249973268
BERT,MS COCO,5,bodies,0.1434189236623923
BERT,MS COCO,6,bodies,0.0842527060835456
BERT,MS COCO,7,bodies,0.0988455753734943
BERT,MS COCO,8,bodies,0.0444306595271076
BERT,LLaVA-OV,1,all,0.1403833514624564
BERT,LLaVA-OV,2,all,0.105864898285724
BERT,LLaVA-OV,3,all,0.0939103846363308
BERT,LLaVA-OV,4,all,0.0914541946768339
BERT,LLaVA-OV,5,all,0.1711239221978323
BERT,LLaVA-OV,6,all,0.0852982305278648
BERT,LLaVA-OV,7,all,0.0822290041586556
BERT,LLaVA-OV,8,all,0.0462480658419045
BERT,LLaVA-OV,1,places,0.0624862727470938
BERT,LLaVA-OV,2,places,0.0294239773980105
BERT,LLaVA-OV,3,places,0.0311453255979584
BERT,LLaVA-OV,4,places,0.0331207559614511
BERT,LLaVA-OV,5,places,0.046290891390983
BERT,LLaVA-OV,6,places,0.0300663757134168
BERT,LLaVA-OV,7,places,0.0245582545065914
BERT,LLaVA-OV,8,places,0.0328310820454017
BERT,LLaVA-OV,1,faces,0.1490553653737151
BERT,LLaVA-OV,2,faces,0.0831729155904108
BERT,LLaVA-OV,3,faces,0.1046103779204817
BERT,LLaVA-OV,4,faces,0.06378282411035
BERT,LLaVA-OV,5,faces,0.196545463500818
BERT,LLaVA-OV,6,faces,0.1218545066062813
BERT,LLaVA-OV,7,faces,0.0903498079748576
BERT,LLaVA-OV,8,faces,0.0674607197183679
BERT,LLaVA-OV,1,bodies,0.2101233244657573
BERT,LLaVA-OV,2,bodies,0.2186353632435746
BERT,LLaVA-OV,3,bodies,0.1396363718911988
BERT,LLaVA-OV,4,bodies,0.1222127801833901
BERT,LLaVA-OV,5,bodies,0.2039950105236769
BERT,LLaVA-OV,6,bodies,0.1289014835360565
BERT,LLaVA-OV,7,bodies,0.1217305944220884
BERT,LLaVA-OV,8,bodies,0.0835830280590362
BERT,Phi-4,1,all,0.152486002982192
BERT,Phi-4,2,all,0.1300402996060461
BERT,Phi-4,3,all,0.0952683747474971
BERT,Phi-4,4,all,0.1259355212013161
BERT,Phi-4,5,all,0.1705000162609425
BERT,Phi-4,6,all,0.0918970970676473
BERT,Phi-4,7,all,0.1001887162916954
BERT,Phi-4,8,all,0.0375956730390187
BERT,Phi-4,1,places,0.0212646062427876
BERT,Phi-4,2,places,0.0232305445936477
BERT,Phi-4,3,places,-0.0063153231342697
BERT,Phi-4,4,places,-0.0185654369335599
BERT,Phi-4,5,places,-0.0055300811307528
BERT,Phi-4,6,places,-0.0044033354881134
BERT,Phi-4,7,places,0.0175700069476477
BERT,Phi-4,8,places,-0.0259319734243151
BERT,Phi-4,1,faces,0.2081866531846915
BERT,Phi-4,2,faces,0.1270500415081406
BERT,Phi-4,3,faces,0.1390859013672619
BERT,Phi-4,4,faces,0.1077540936486475
BERT,Phi-4,5,faces,0.2673165273445612
BERT,Phi-4,6,faces,0.1691408025997114
BERT,Phi-4,7,faces,0.1415375439741664
BERT,Phi-4,8,faces,0.0926626810416833
BERT,Phi-4,1,bodies,0.2820505819552933
BERT,Phi-4,2,bodies,0.2691495009901679
BERT,Phi-4,3,bodies,0.191821213523416
BERT,Phi-4,4,bodies,0.1955928429809017
BERT,Phi-4,5,bodies,0.2448808569958163
BERT,Phi-4,6,bodies,0.1674458494618999
BERT,Phi-4,7,bodies,0.1716454995355115
BERT,Phi-4,8,bodies,0.1038552915890667
BERT,Pixtral,1,all,0.2050050313682593
BERT,Pixtral,2,all,0.1599727240465175
BERT,Pixtral,3,all,0.0985097406072477
BERT,Pixtral,4,all,0.1230252434187228
BERT,Pixtral,5,all,0.1990491157032956
BERT,Pixtral,6,all,0.1146789083767044
BERT,Pixtral,7,all,0.1417217575003084
BERT,Pixtral,8,all,0.053766688080181
BERT,Pixtral,1,places,0.0995938988527655
BERT,Pixtral,2,places,0.0963542585346351
BERT,Pixtral,3,places,0.0460155377733762
BERT,Pixtral,4,places,0.0490219991208863
BERT,Pixtral,5,places,0.0626020007210859
BERT,Pixtral,6,places,0.0658124492883582
BERT,Pixtral,7,places,0.0921759127397009
BERT,Pixtral,8,places,-0.0014766413853087
BERT,Pixtral,1,faces,0.1629538151333487
BERT,Pixtral,2,faces,0.1253057228617682
BERT,Pixtral,3,faces,0.1058324592590735
BERT,Pixtral,4,faces,0.0913089218493114
BERT,Pixtral,5,faces,0.2326033879155904
BERT,Pixtral,6,faces,0.1412451825814185
BERT,Pixtral,7,faces,0.1515914787331595
BERT,Pixtral,8,faces,0.0741658088740263
BERT,Pixtral,1,bodies,0.238993988512375
BERT,Pixtral,2,bodies,0.2496689832083647
BERT,Pixtral,3,bodies,0.153911490209353
BERT,Pixtral,4,bodies,0.1623546813750263
BERT,Pixtral,5,bodies,0.2201490179187766
BERT,Pixtral,6,bodies,0.1436484186120538
BERT,Pixtral,7,bodies,0.1903652843802379
BERT,Pixtral,8,bodies,0.0855674459328955
BERT,Qwen2.5-VL,1,all,0.186029612823203
BERT,Qwen2.5-VL,2,all,0.1362934102871561
BERT,Qwen2.5-VL,3,all,0.1026063557408538
BERT,Qwen2.5-VL,4,all,0.1209420321273318
BERT,Qwen2.5-VL,5,all,0.1740475589191992
BERT,Qwen2.5-VL,6,all,0.1024691257218926
BERT,Qwen2.5-VL,7,all,0.1264066845733949
BERT,Qwen2.5-VL,8,all,0.0509541821257401
BERT,Qwen2.5-VL,1,places,0.1194914140424699
BERT,Qwen2.5-VL,2,places,0.1077279177235085
BERT,Qwen2.5-VL,3,places,0.0742508373980254
BERT,Qwen2.5-VL,4,places,0.0690636377460558
BERT,Qwen2.5-VL,5,places,0.0782277680943914
BERT,Qwen2.5-VL,6,places,0.0761672009795884
BERT,Qwen2.5-VL,7,places,0.1197076518598846
BERT,Qwen2.5-VL,8,places,0.02687160793876
BERT,Qwen2.5-VL,1,faces,0.1540177564719075
BERT,Qwen2.5-VL,2,faces,0.0412498829221227
BERT,Qwen2.5-VL,3,faces,0.0907995976522503
BERT,Qwen2.5-VL,4,faces,0.0831099077999631
BERT,Qwen2.5-VL,5,faces,0.1663572166324235
BERT,Qwen2.5-VL,6,faces,0.1058984420948024
BERT,Qwen2.5-VL,7,faces,0.0905693054928003
BERT,Qwen2.5-VL,8,faces,0.0516284561944176
BERT,Qwen2.5-VL,1,bodies,0.2166126114062106
BERT,Qwen2.5-VL,2,bodies,0.1751652574832479
BERT,Qwen2.5-VL,3,bodies,0.1196153732703934
BERT,Qwen2.5-VL,4,bodies,0.1487948121075585
BERT,Qwen2.5-VL,5,bodies,0.1818920934333243
BERT,Qwen2.5-VL,6,bodies,0.1161736432207527
BERT,Qwen2.5-VL,7,bodies,0.1342099048128976
BERT,Qwen2.5-VL,8,bodies,0.0594484086144615
BERT,Molmo,1,all,0.183805417358454
BERT,Molmo,2,all,0.1705428108547721
BERT,Molmo,3,all,0.1035620737186104
BERT,Molmo,4,all,0.1143997208739036
BERT,Molmo,5,all,0.1979987367799131
BERT,Molmo,6,all,0.1169499987663225
BERT,Molmo,7,all,0.1270380180934337
BERT,Molmo,8,all,0.0613093416609634
BERT,Molmo,1,places,0.0957602112703826
BERT,Molmo,2,places,0.106761243529955
BERT,Molmo,3,places,0.0463992033574923
BERT,Molmo,4,places,0.042660922146899
BERT,Molmo,5,places,0.0711583276044429
BERT,Molmo,6,places,0.0653357249552738
BERT,Molmo,7,places,0.0575719088939715
BERT,Molmo,8,places,0.0261306661449501
BERT,Molmo,1,faces,0.1551884433811638
BERT,Molmo,2,faces,0.110501829471353
BERT,Molmo,3,faces,0.0984462033195361
BERT,Molmo,4,faces,0.0846101782606183
BERT,Molmo,5,faces,0.2101482847341873
BERT,Molmo,6,faces,0.120599649036183
BERT,Molmo,7,faces,0.1143958550362534
BERT,Molmo,8,faces,0.0713973294093435
BERT,Molmo,1,bodies,0.2266714276847712
BERT,Molmo,2,bodies,0.2243220628044475
BERT,Molmo,3,bodies,0.135235976889228
BERT,Molmo,4,bodies,0.1464229897804913
BERT,Molmo,5,bodies,0.2288567460812344
BERT,Molmo,6,bodies,0.1384427721671463
BERT,Molmo,7,bodies,0.1535426635952957
BERT,Molmo,8,bodies,0.0914149220603779
Llama3,MS COCO,1,all,0.0105411568315851
Llama3,MS COCO,2,all,0.0135452963912112
Llama3,MS COCO,3,all,0.0322865518690107
Llama3,MS COCO,4,all,0.0168107220007725
Llama3,MS COCO,5,all,0.0369765945189079
Llama3,MS COCO,6,all,0.0358091966305675
Llama3,MS COCO,7,all,0.0428265699774776
Llama3,MS COCO,8,all,-0.001908673583488
Llama3,MS COCO,1,places,-0.018826457492437
Llama3,MS COCO,2,places,-0.0212023014316982
Llama3,MS COCO,3,places,0.0182342192642049
Llama3,MS COCO,4,places,-0.0195613630265391
Llama3,MS COCO,5,places,0.0227918432299865
Llama3,MS COCO,6,places,-0.004102646273985
Llama3,MS COCO,7,places,0.0257184445130799
Llama3,MS COCO,8,places,-0.0025107526403968
Llama3,MS COCO,1,faces,0.0254612741687692
Llama3,MS COCO,2,faces,0.0311048408373431
Llama3,MS COCO,3,faces,0.056784207970209
Llama3,MS COCO,4,faces,0.0312350287815633
Llama3,MS COCO,5,faces,0.0617477052535319
Llama3,MS COCO,6,faces,0.0502185534189672
Llama3,MS COCO,7,faces,0.0501507955919648
Llama3,MS COCO,8,faces,0.0172585205074652
Llama3,MS COCO,1,bodies,0.0405125557135771
Llama3,MS COCO,2,bodies,0.0591830086277944
Llama3,MS COCO,3,bodies,0.0622078296888428
Llama3,MS COCO,4,bodies,0.036477001607732
Llama3,MS COCO,5,bodies,0.0526158530262132
Llama3,MS COCO,6,bodies,0.0558670184820337
Llama3,MS COCO,7,bodies,0.0514759113772978
Llama3,MS COCO,8,bodies,0.0067795850736854
Llama3,LLaVA-OV,1,all,0.149575519067644
Llama3,LLaVA-OV,2,all,0.1144311126662665
Llama3,LLaVA-OV,3,all,0.0805173916033674
Llama3,LLaVA-OV,4,all,0.0931205537356966
Llama3,LLaVA-OV,5,all,0.1493244158554156
Llama3,LLaVA-OV,6,all,0.1001043462526253
Llama3,LLaVA-OV,7,all,0.0735150786568084
Llama3,LLaVA-OV,8,all,0.0489444492973346
Llama3,LLaVA-OV,1,places,0.0902040276180423
Llama3,LLaVA-OV,2,places,0.0548405545217525
Llama3,LLaVA-OV,3,places,0.023936599612297
Llama3,LLaVA-OV,4,places,0.0366085650862521
Llama3,LLaVA-OV,5,places,0.065478656591045
Llama3,LLaVA-OV,6,places,0.0588122922069137
Llama3,LLaVA-OV,7,places,0.0364177095123808
Llama3,LLaVA-OV,8,places,0.0380405574388299
Llama3,LLaVA-OV,1,faces,0.1373633519888023
Llama3,LLaVA-OV,2,faces,0.0883277034128704
Llama3,LLaVA-OV,3,faces,0.0914490289104218
Llama3,LLaVA-OV,4,faces,0.0581139586934865
Llama3,LLaVA-OV,5,faces,0.1665164134087612
Llama3,LLaVA-OV,6,faces,0.1047174526883318
Llama3,LLaVA-OV,7,faces,0.078125998180586
Llama3,LLaVA-OV,8,faces,0.0345981005244392
Llama3,LLaVA-OV,1,bodies,0.1946189313076657
Llama3,LLaVA-OV,2,bodies,0.1780098952800907
Llama3,LLaVA-OV,3,bodies,0.1103875718015925
Llama3,LLaVA-OV,4,bodies,0.1297683368143467
Llama3,LLaVA-OV,5,bodies,0.1749967837098287
Llama3,LLaVA-OV,6,bodies,0.1179351218965561
Llama3,LLaVA-OV,7,bodies,0.1098417995601465
Llama3,LLaVA-OV,8,bodies,0.0624280438874714
Llama3,Phi-4,1,all,0.1534677391673357
Llama3,Phi-4,2,all,0.1350590588110567
Llama3,Phi-4,3,all,0.1275478521937625
Llama3,Phi-4,4,all,0.1052970840266553
Llama3,Phi-4,5,all,0.1534297945967307
Llama3,Phi-4,6,all,0.1127341764561646
Llama3,Phi-4,7,all,0.0756016315810807
Llama3,Phi-4,8,all,0.0633274685587745
Llama3,Phi-4,1,places,0.0820490054133648
Llama3,Phi-4,2,places,0.0557800992189597
Llama3,Phi-4,3,places,0.0695733384940098
Llama3,Phi-4,4,places,0.0218578694428249
Llama3,Phi-4,5,places,0.0575891938758287
Llama3,Phi-4,6,places,0.0592706925057053
Llama3,Phi-4,7,places,0.0365852939662747
Llama3,Phi-4,8,places,0.0370840150522033
Llama3,Phi-4,1,faces,0.1706929186158318
Llama3,Phi-4,2,faces,0.1241676235208894
Llama3,Phi-4,3,faces,0.1228520431582873
Llama3,Phi-4,4,faces,0.0725889467987322
Llama3,Phi-4,5,faces,0.2064974952811565
Llama3,Phi-4,6,faces,0.1364399789674183
Llama3,Phi-4,7,faces,0.1196521891382168
Llama3,Phi-4,8,faces,0.0689105478815531
Llama3,Phi-4,1,bodies,0.2518378660974863
Llama3,Phi-4,2,bodies,0.2726624698698462
Llama3,Phi-4,3,bodies,0.1727978044157521
Llama3,Phi-4,4,bodies,0.1766472630370786
Llama3,Phi-4,5,bodies,0.2043699818319498
Llama3,Phi-4,6,bodies,0.1512003440183929
Llama3,Phi-4,7,bodies,0.1522013527010007
Llama3,Phi-4,8,bodies,0.0753945356785789
Llama3,Pixtral,1,all,0.1348805484570879
Llama3,Pixtral,2,all,0.1313902952248472
Llama3,Pixtral,3,all,0.0755805313556547
Llama3,Pixtral,4,all,0.0906557352937827
Llama3,Pixtral,5,all,0.1092374447465927
Llama3,Pixtral,6,all,0.0959912918977054
Llama3,Pixtral,7,all,0.0909901853016584
Llama3,Pixtral,8,all,0.0123243319832511
Llama3,Pixtral,1,places,0.0636802035907494
Llama3,Pixtral,2,places,0.0686444887311787
Llama3,Pixtral,3,places,0.0494805486228255
Llama3,Pixtral,4,places,0.0440884200833535
Llama3,Pixtral,5,places,0.0337869556037777
Llama3,Pixtral,6,places,0.0383387468525844
Llama3,Pixtral,7,places,0.0450081540305693
Llama3,Pixtral,8,places,-0.0006493161573323
Llama3,Pixtral,1,faces,0.1546403480342098
Llama3,Pixtral,2,faces,0.0798134825738449
Llama3,Pixtral,3,faces,0.0844331995845037
Llama3,Pixtral,4,faces,0.0688300946706352
Llama3,Pixtral,5,faces,0.1903878654520776
Llama3,Pixtral,6,faces,0.1169861236499153
Llama3,Pixtral,7,faces,0.1020697812158739
Llama3,Pixtral,8,faces,0.0567345830096572
Llama3,Pixtral,1,bodies,0.1996959506665222
Llama3,Pixtral,2,bodies,0.1902109198019076
Llama3,Pixtral,3,bodies,0.1236570171052089
Llama3,Pixtral,4,bodies,0.1185426888924515
Llama3,Pixtral,5,bodies,0.1429316481363711
Llama3,Pixtral,6,bodies,0.1237121709964645
Llama3,Pixtral,7,bodies,0.1227768823899725
Llama3,Pixtral,8,bodies,0.057201046343956
Llama3,Qwen2.5-VL,1,all,0.1375010506565555
Llama3,Qwen2.5-VL,2,all,0.1253072975670852
Llama3,Qwen2.5-VL,3,all,0.0545344645002857
Llama3,Qwen2.5-VL,4,all,0.105597690338269
Llama3,Qwen2.5-VL,5,all,0.1277116500569567
Llama3,Qwen2.5-VL,6,all,0.0715365260223434
Llama3,Qwen2.5-VL,7,all,0.0760152021515832
Llama3,Qwen2.5-VL,8,all,0.0276042535132624
Llama3,Qwen2.5-VL,1,places,0.0600477266604778
Llama3,Qwen2.5-VL,2,places,0.0505805251364874
Llama3,Qwen2.5-VL,3,places,-0.0011833673989483
Llama3,Qwen2.5-VL,4,places,0.030301788794852
Llama3,Qwen2.5-VL,5,places,0.0298753476296647
Llama3,Qwen2.5-VL,6,places,0.0138986825206546
Llama3,Qwen2.5-VL,7,places,0.0162272904693339
Llama3,Qwen2.5-VL,8,places,-0.008209927100706
Llama3,Qwen2.5-VL,1,faces,0.1267140331873636
Llama3,Qwen2.5-VL,2,faces,0.088512091864733
Llama3,Qwen2.5-VL,3,faces,0.0628134337866211
Llama3,Qwen2.5-VL,4,faces,0.0830845860701681
Llama3,Qwen2.5-VL,5,faces,0.1603375323413824
Llama3,Qwen2.5-VL,6,faces,0.1133551216773953
Llama3,Qwen2.5-VL,7,faces,0.0846257958766697
Llama3,Qwen2.5-VL,8,faces,0.0296938480027253
Llama3,Qwen2.5-VL,1,bodies,0.1848669865310296
Llama3,Qwen2.5-VL,2,bodies,0.1927784494802792
Llama3,Qwen2.5-VL,3,bodies,0.1099219777115592
Llama3,Qwen2.5-VL,4,bodies,0.1418751610018089
Llama3,Qwen2.5-VL,5,bodies,0.156615099820724
Llama3,Qwen2.5-VL,6,bodies,0.1152073677119629
Llama3,Qwen2.5-VL,7,bodies,0.1095473657594658
Llama3,Qwen2.5-VL,8,bodies,0.0587260113204632
Llama3,Molmo,1,all,0.1554404534927058
Llama3,Molmo,2,all,0.140638595286183
Llama3,Molmo,3,all,0.1002254729052182
Llama3,Molmo,4,all,0.1447499087810823
Llama3,Molmo,5,all,0.1545432324647441
Llama3,Molmo,6,all,0.0924122885230972
Llama3,Molmo,7,all,0.1092007166972172
Llama3,Molmo,8,all,0.0561042854515719
Llama3,Molmo,1,places,0.0775694291115295
Llama3,Molmo,2,places,0.0897494748535892
Llama3,Molmo,3,places,0.0480693702557981
Llama3,Molmo,4,places,0.0563200595557331
Llama3,Molmo,5,places,0.0517560898409099
Llama3,Molmo,6,places,0.0361057960131551
Llama3,Molmo,7,places,0.0317183788729345
Llama3,Molmo,8,places,0.0228771763879587
Llama3,Molmo,1,faces,0.1772162917424058
Llama3,Molmo,2,faces,0.1041390004720494
Llama3,Molmo,3,faces,0.1021659435162738
Llama3,Molmo,4,faces,0.1108916656969905
Llama3,Molmo,5,faces,0.198505214092604
Llama3,Molmo,6,faces,0.1437886182882503
Llama3,Molmo,7,faces,0.1335638110271401
Llama3,Molmo,8,faces,0.0875092873806651
Llama3,Molmo,1,bodies,0.2508715523923276
Llama3,Molmo,2,bodies,0.2437967886091717
Llama3,Molmo,3,bodies,0.1595491217631904
Llama3,Molmo,4,bodies,0.1852292046845355
Llama3,Molmo,5,bodies,0.2098543179859204
Llama3,Molmo,6,bodies,0.1526477026521169
Llama3,Molmo,7,bodies,0.1791520112124061
Llama3,Molmo,8,bodies,0.1021957114114457
GPT-2,MS COCO,1,all,0.0070211105605185
GPT-2,MS COCO,2,all,0.016700142644769
GPT-2,MS COCO,3,all,0.0405215679004454
GPT-2,MS COCO,4,all,0.0248081706220201
GPT-2,MS COCO,5,all,0.0266598980526219
GPT-2,MS COCO,6,all,0.0231612259990547
GPT-2,MS COCO,7,all,0.0535204679762277
GPT-2,MS COCO,8,all,-0.001526275768922
GPT-2,MS COCO,1,places,-0.0179053659992682
GPT-2,MS COCO,2,places,-0.0156982335445212
GPT-2,MS COCO,3,places,0.0261495687706257
GPT-2,MS COCO,4,places,-0.0030690925128158
GPT-2,MS COCO,5,places,0.0317354428280999
GPT-2,MS COCO,6,places,-0.0003662805977211
GPT-2,MS COCO,7,places,0.0379875656331334
GPT-2,MS COCO,8,places,-0.0037418457421113
GPT-2,MS COCO,1,faces,0.0214099435223336
GPT-2,MS COCO,2,faces,0.0481482037966517
GPT-2,MS COCO,3,faces,0.0465037435049535
GPT-2,MS COCO,4,faces,0.0372211796374276
GPT-2,MS COCO,5,faces,0.0265605070698535
GPT-2,MS COCO,6,faces,0.0340877260557735
GPT-2,MS COCO,7,faces,0.0605086210998556
GPT-2,MS COCO,8,faces,0.0224386174045547
GPT-2,MS COCO,1,bodies,0.0354616371320332
GPT-2,MS COCO,2,bodies,0.0541548330104616
GPT-2,MS COCO,3,bodies,0.0530000807321266
GPT-2,MS COCO,4,bodies,0.044379926488744
GPT-2,MS COCO,5,bodies,0.0353663624598803
GPT-2,MS COCO,6,bodies,0.0407763663120264
GPT-2,MS COCO,7,bodies,0.0490047987594337
GPT-2,MS COCO,8,bodies,0.0174770457545568
GPT-2,LLaVA-OV,1,all,0.1904573333852861
GPT-2,LLaVA-OV,2,all,0.1565767178566124
GPT-2,LLaVA-OV,3,all,0.0723257738394531
GPT-2,LLaVA-OV,4,all,0.1104526628074158
GPT-2,LLaVA-OV,5,all,0.1819873802321875
GPT-2,LLaVA-OV,6,all,0.1244346225783668
GPT-2,LLaVA-OV,7,all,0.107971148647542
GPT-2,LLaVA-OV,8,all,0.0651041095467026
GPT-2,LLaVA-OV,1,places,0.1048188344643466
GPT-2,LLaVA-OV,2,places,0.0901540950795254
GPT-2,LLaVA-OV,3,places,0.0347055320428144
GPT-2,LLaVA-OV,4,places,0.073012523221057
GPT-2,LLaVA-OV,5,places,0.0862573412259337
GPT-2,LLaVA-OV,6,places,0.0765404560904581
GPT-2,LLaVA-OV,7,places,0.0537445542428601
GPT-2,LLaVA-OV,8,places,0.0414230648377576
GPT-2,LLaVA-OV,1,faces,0.1567040857794315
GPT-2,LLaVA-OV,2,faces,0.1136501381807253
GPT-2,LLaVA-OV,3,faces,0.064551907557318
GPT-2,LLaVA-OV,4,faces,0.0658022777999701
GPT-2,LLaVA-OV,5,faces,0.1577650947846202
GPT-2,LLaVA-OV,6,faces,0.1009176816269667
GPT-2,LLaVA-OV,7,faces,0.0893897683135865
GPT-2,LLaVA-OV,8,faces,0.0595880962448458
GPT-2,LLaVA-OV,1,bodies,0.2090248475231642
GPT-2,LLaVA-OV,2,bodies,0.174093298719113
GPT-2,LLaVA-OV,3,bodies,0.0967430234113693
GPT-2,LLaVA-OV,4,bodies,0.1324391854094702
GPT-2,LLaVA-OV,5,bodies,0.1998746923645483
GPT-2,LLaVA-OV,6,bodies,0.1185501565527619
GPT-2,LLaVA-OV,7,bodies,0.130200585710844
GPT-2,LLaVA-OV,8,bodies,0.0764479953864168
GPT-2,Phi-4,1,all,0.1768826514489727
GPT-2,Phi-4,2,all,0.1597409288666091
GPT-2,Phi-4,3,all,0.1166522193082774
GPT-2,Phi-4,4,all,0.1310340831756403
GPT-2,Phi-4,5,all,0.1826435711784505
GPT-2,Phi-4,6,all,0.1147434242970133
GPT-2,Phi-4,7,all,0.1040102808430537
GPT-2,Phi-4,8,all,0.0435345488931107
GPT-2,Phi-4,1,places,0.0545059204465312
GPT-2,Phi-4,2,places,0.0399002361747459
GPT-2,Phi-4,3,places,0.0479006313905618
GPT-2,Phi-4,4,places,0.0277537030574517
GPT-2,Phi-4,5,places,0.0301348163741402
GPT-2,Phi-4,6,places,0.0281119638782472
GPT-2,Phi-4,7,places,0.0208941238211972
GPT-2,Phi-4,8,places,-0.001008940552154
GPT-2,Phi-4,1,faces,0.1842459162197884
GPT-2,Phi-4,2,faces,0.1339315182983388
GPT-2,Phi-4,3,faces,0.1367017084767693
GPT-2,Phi-4,4,faces,0.0825555836198463
GPT-2,Phi-4,5,faces,0.2250750651914762
GPT-2,Phi-4,6,faces,0.1404995554499946
GPT-2,Phi-4,7,faces,0.1211490359480206
GPT-2,Phi-4,8,faces,0.0745567848532919
GPT-2,Phi-4,1,bodies,0.270854636906175
GPT-2,Phi-4,2,bodies,0.2797770803305788
GPT-2,Phi-4,3,bodies,0.1825376539498703
GPT-2,Phi-4,4,bodies,0.1909401690143709
GPT-2,Phi-4,5,bodies,0.2487923628501773
GPT-2,Phi-4,6,bodies,0.1578325696291326
GPT-2,Phi-4,7,bodies,0.1730244950781059
GPT-2,Phi-4,8,bodies,0.0757925664682562
GPT-2,Pixtral,1,all,0.1790739471239884
GPT-2,Pixtral,2,all,0.1483692799570413
GPT-2,Pixtral,3,all,0.110652147661129
GPT-2,Pixtral,4,all,0.1222874048093585
GPT-2,Pixtral,5,all,0.1704114676240392
GPT-2,Pixtral,6,all,0.1344271256665063
GPT-2,Pixtral,7,all,0.1310068404728546
GPT-2,Pixtral,8,all,0.0292220964658761
GPT-2,Pixtral,1,places,0.1026238739753523
GPT-2,Pixtral,2,places,0.0903671896278781
GPT-2,Pixtral,3,places,0.0928475457069247
GPT-2,Pixtral,4,places,0.0826509890750576
GPT-2,Pixtral,5,places,0.0967223780518739
GPT-2,Pixtral,6,places,0.0877467033265635
GPT-2,Pixtral,7,places,0.0862974697042266
GPT-2,Pixtral,8,places,0.0110524093026641
GPT-2,Pixtral,1,faces,0.1485745602653013
GPT-2,Pixtral,2,faces,0.0704175232475742
GPT-2,Pixtral,3,faces,0.0974512839481697
GPT-2,Pixtral,4,faces,0.0724744155106783
GPT-2,Pixtral,5,faces,0.1618133894614998
GPT-2,Pixtral,6,faces,0.1154814464483066
GPT-2,Pixtral,7,faces,0.1047686774695847
GPT-2,Pixtral,8,faces,0.0473260772189233
GPT-2,Pixtral,1,bodies,0.2170803044769492
GPT-2,Pixtral,2,bodies,0.1782852379677759
GPT-2,Pixtral,3,bodies,0.1286556419965972
GPT-2,Pixtral,4,bodies,0.1448761874815971
GPT-2,Pixtral,5,bodies,0.1833316438482205
GPT-2,Pixtral,6,bodies,0.1542608132724787
GPT-2,Pixtral,7,bodies,0.144882139142229
GPT-2,Pixtral,8,bodies,0.0566392250418192
GPT-2,Qwen2.5-VL,1,all,0.1824890370320059
GPT-2,Qwen2.5-VL,2,all,0.1318833434588045
GPT-2,Qwen2.5-VL,3,all,0.0995918060020645
GPT-2,Qwen2.5-VL,4,all,0.1288909859119191
GPT-2,Qwen2.5-VL,5,all,0.1636729798263932
GPT-2,Qwen2.5-VL,6,all,0.0702640809946041
GPT-2,Qwen2.5-VL,7,all,0.0993801411491447
GPT-2,Qwen2.5-VL,8,all,0.0579964612977332
GPT-2,Qwen2.5-VL,1,places,0.1113528515130376
GPT-2,Qwen2.5-VL,2,places,0.0757107799614866
GPT-2,Qwen2.5-VL,3,places,0.0706910269337861
GPT-2,Qwen2.5-VL,4,places,0.069634306765653
GPT-2,Qwen2.5-VL,5,places,0.0973039929441816
GPT-2,Qwen2.5-VL,6,places,0.0767631905239138
GPT-2,Qwen2.5-VL,7,places,0.0795227902801458
GPT-2,Qwen2.5-VL,8,places,0.0643307185504071
GPT-2,Qwen2.5-VL,1,faces,0.1759643127684843
GPT-2,Qwen2.5-VL,2,faces,0.0709565590667807
GPT-2,Qwen2.5-VL,3,faces,0.1013624956648398
GPT-2,Qwen2.5-VL,4,faces,0.0928611836328858
GPT-2,Qwen2.5-VL,5,faces,0.1536081632743527
GPT-2,Qwen2.5-VL,6,faces,0.0796562974896791
GPT-2,Qwen2.5-VL,7,faces,0.1030412711146707
GPT-2,Qwen2.5-VL,8,faces,0.0446772525978458
GPT-2,Qwen2.5-VL,1,bodies,0.2397742085295799
GPT-2,Qwen2.5-VL,2,bodies,0.1953251041695012
GPT-2,Qwen2.5-VL,3,bodies,0.1409924159429734
GPT-2,Qwen2.5-VL,4,bodies,0.1608250765991312
GPT-2,Qwen2.5-VL,5,bodies,0.1936126755710271
GPT-2,Qwen2.5-VL,6,bodies,0.1060358477141338
GPT-2,Qwen2.5-VL,7,bodies,0.138368831758112
GPT-2,Qwen2.5-VL,8,bodies,0.0610383377056232
GPT-2,Molmo,1,all,0.2159012398702942
GPT-2,Molmo,2,all,0.1960990760925441
GPT-2,Molmo,3,all,0.1256282014222515
GPT-2,Molmo,4,all,0.1361179877445476
GPT-2,Molmo,5,all,0.2243339224607867
GPT-2,Molmo,6,all,0.1277116844306261
GPT-2,Molmo,7,all,0.1309393295443718
GPT-2,Molmo,8,all,0.0519132419637323
GPT-2,Molmo,1,places,0.0991102229387858
GPT-2,Molmo,2,places,0.1070436073112564
GPT-2,Molmo,3,places,0.1145067544793405
GPT-2,Molmo,4,places,0.0802798895016121
GPT-2,Molmo,5,places,0.1272320464577348
GPT-2,Molmo,6,places,0.0947709014987382
GPT-2,Molmo,7,places,0.0927464900905795
GPT-2,Molmo,8,places,0.0501746692930116
GPT-2,Molmo,1,faces,0.1769745468134943
GPT-2,Molmo,2,faces,0.0860620171765903
GPT-2,Molmo,3,faces,0.1055633867670401
GPT-2,Molmo,4,faces,0.0901207347074568
GPT-2,Molmo,5,faces,0.1728451444058904
GPT-2,Molmo,6,faces,0.1051744462655702
GPT-2,Molmo,7,faces,0.0961729073253137
GPT-2,Molmo,8,faces,0.0476738733403847
GPT-2,Molmo,1,bodies,0.2464269535918772
GPT-2,Molmo,2,bodies,0.2378252548240716
GPT-2,Molmo,3,bodies,0.1565676968340845
GPT-2,Molmo,4,bodies,0.157306750959936
GPT-2,Molmo,5,bodies,0.2330392472546294
GPT-2,Molmo,6,bodies,0.1454406447697743
GPT-2,Molmo,7,bodies,0.1439260922434868
GPT-2,Molmo,8,bodies,0.0701360952884002
