enc_name,caption_type,participant,roi,acc
Qwen3 Embedding,MS COCO,1,all,0.3781990023031479
Qwen3 Embedding,MS COCO,1,faces,0.3171670451426457
Qwen3 Embedding,MS COCO,1,bodies,0.426182202018091
Qwen3 Embedding,MS COCO,1,places,0.3458724317310631
Qwen3 Embedding,MS COCO,2,all,0.3736851663885693
Qwen3 Embedding,MS COCO,2,faces,0.2922241197984368
Qwen3 Embedding,MS COCO,2,bodies,0.3869530080757592
Qwen3 Embedding,MS COCO,2,places,0.3935542676792212
Qwen3 Embedding,MS COCO,3,all,0.3084593843713376
Qwen3 Embedding,MS COCO,3,faces,0.314384352016208
Qwen3 Embedding,MS COCO,3,bodies,0.3261491050781847
Qwen3 Embedding,MS COCO,3,places,0.2964350105201577
Qwen3 Embedding,MS COCO,4,all,0.3068545560806163
Qwen3 Embedding,MS COCO,4,faces,0.2560636612882109
Qwen3 Embedding,MS COCO,4,bodies,0.324928348178374
Qwen3 Embedding,MS COCO,4,places,0.3019167266051149
Qwen3 Embedding,MS COCO,5,all,0.3866044990630727
Qwen3 Embedding,MS COCO,5,faces,0.3497986748408508
Qwen3 Embedding,MS COCO,5,bodies,0.3765925496539833
Qwen3 Embedding,MS COCO,5,places,0.4361663375281642
Qwen3 Embedding,MS COCO,6,all,0.2989391590919493
Qwen3 Embedding,MS COCO,6,faces,0.3076136161574329
Qwen3 Embedding,MS COCO,6,bodies,0.3225255362011477
Qwen3 Embedding,MS COCO,6,places,0.2710664914165436
Qwen3 Embedding,MS COCO,7,all,0.3113072219237345
Qwen3 Embedding,MS COCO,7,faces,0.2662608304849038
Qwen3 Embedding,MS COCO,7,bodies,0.3400653583727685
Qwen3 Embedding,MS COCO,7,places,0.2911951818375112
Qwen3 Embedding,MS COCO,8,all,0.2357276693228888
Qwen3 Embedding,MS COCO,8,faces,0.231978873248001
Qwen3 Embedding,MS COCO,8,bodies,0.2394529744186555
Qwen3 Embedding,MS COCO,8,places,0.2418236631902607
Qwen3 Embedding,LLaVA-OV,1,all,0.4035591557184451
Qwen3 Embedding,LLaVA-OV,1,faces,0.3318814009471064
Qwen3 Embedding,LLaVA-OV,1,bodies,0.4455336673439946
Qwen3 Embedding,LLaVA-OV,1,places,0.3810289773276457
Qwen3 Embedding,LLaVA-OV,2,all,0.385434100303201
Qwen3 Embedding,LLaVA-OV,2,faces,0.296513615852069
Qwen3 Embedding,LLaVA-OV,2,bodies,0.3979467630278833
Qwen3 Embedding,LLaVA-OV,2,places,0.4102253095301779
Qwen3 Embedding,LLaVA-OV,3,all,0.3240348761114364
Qwen3 Embedding,LLaVA-OV,3,faces,0.3276490232962185
Qwen3 Embedding,LLaVA-OV,3,bodies,0.3404054999648825
Qwen3 Embedding,LLaVA-OV,3,places,0.3149323834861494
Qwen3 Embedding,LLaVA-OV,4,all,0.3248592333859061
Qwen3 Embedding,LLaVA-OV,4,faces,0.272905843034507
Qwen3 Embedding,LLaVA-OV,4,bodies,0.3386329069088715
Qwen3 Embedding,LLaVA-OV,4,places,0.326694095314147
Qwen3 Embedding,LLaVA-OV,5,all,0.4032604604499439
Qwen3 Embedding,LLaVA-OV,5,faces,0.3634109350591039
Qwen3 Embedding,LLaVA-OV,5,bodies,0.3908658597337731
Qwen3 Embedding,LLaVA-OV,5,places,0.4580775007762208
Qwen3 Embedding,LLaVA-OV,6,all,0.3113006633719968
Qwen3 Embedding,LLaVA-OV,6,faces,0.3246691234612318
Qwen3 Embedding,LLaVA-OV,6,bodies,0.3354668132997073
Qwen3 Embedding,LLaVA-OV,6,places,0.2813172568349356
Qwen3 Embedding,LLaVA-OV,7,all,0.3306530787108648
Qwen3 Embedding,LLaVA-OV,7,faces,0.2811296707081003
Qwen3 Embedding,LLaVA-OV,7,bodies,0.3599068157674036
Qwen3 Embedding,LLaVA-OV,7,places,0.3130563103455124
Qwen3 Embedding,LLaVA-OV,8,all,0.2423491156384004
Qwen3 Embedding,LLaVA-OV,8,faces,0.2412912529952459
Qwen3 Embedding,LLaVA-OV,8,bodies,0.2485438495778049
Qwen3 Embedding,LLaVA-OV,8,places,0.2450244369005733
Qwen3 Embedding,Phi-4,1,all,0.3946137858294966
Qwen3 Embedding,Phi-4,1,faces,0.3238761694050948
Qwen3 Embedding,Phi-4,1,bodies,0.438663655426443
Qwen3 Embedding,Phi-4,1,places,0.3694280918517258
Qwen3 Embedding,Phi-4,2,all,0.380265647746397
Qwen3 Embedding,Phi-4,2,faces,0.2927037629253525
Qwen3 Embedding,Phi-4,2,bodies,0.3948544310462391
Qwen3 Embedding,Phi-4,2,places,0.4015025170575978
Qwen3 Embedding,Phi-4,3,all,0.3215041647860677
Qwen3 Embedding,Phi-4,3,faces,0.3292022329608176
Qwen3 Embedding,Phi-4,3,bodies,0.3383303765204268
Qwen3 Embedding,Phi-4,3,places,0.3098343663317747
Qwen3 Embedding,Phi-4,4,all,0.3178564446627799
Qwen3 Embedding,Phi-4,4,faces,0.2653353621320026
Qwen3 Embedding,Phi-4,4,bodies,0.3358819606567725
Qwen3 Embedding,Phi-4,4,places,0.3135655858218064
Qwen3 Embedding,Phi-4,5,all,0.3950841439398302
Qwen3 Embedding,Phi-4,5,faces,0.3579964599697678
Qwen3 Embedding,Phi-4,5,bodies,0.3848609719672687
Qwen3 Embedding,Phi-4,5,places,0.4444405788797667
Qwen3 Embedding,Phi-4,6,all,0.3005201370310773
Qwen3 Embedding,Phi-4,6,faces,0.3175570453175103
Qwen3 Embedding,Phi-4,6,bodies,0.3247496450809026
Qwen3 Embedding,Phi-4,6,places,0.2691410179550359
Qwen3 Embedding,Phi-4,7,all,0.3233349323900618
Qwen3 Embedding,Phi-4,7,faces,0.2700035142659057
Qwen3 Embedding,Phi-4,7,bodies,0.3522588519992075
Qwen3 Embedding,Phi-4,7,places,0.3065402026689858
Qwen3 Embedding,Phi-4,8,all,0.2398547399606871
Qwen3 Embedding,Phi-4,8,faces,0.2346162282119984
Qwen3 Embedding,Phi-4,8,bodies,0.2458858105612311
Qwen3 Embedding,Phi-4,8,places,0.2442920616250373
Qwen3 Embedding,Pixtral,1,all,0.4154297552517551
Qwen3 Embedding,Pixtral,1,faces,0.3423848993979491
Qwen3 Embedding,Pixtral,1,bodies,0.4502691315704459
Qwen3 Embedding,Pixtral,1,places,0.402177207595332
Qwen3 Embedding,Pixtral,2,all,0.3987644176709817
Qwen3 Embedding,Pixtral,2,faces,0.3053945592186759
Qwen3 Embedding,Pixtral,2,bodies,0.4131461735202287
Qwen3 Embedding,Pixtral,2,places,0.4226483877298207
Qwen3 Embedding,Pixtral,3,all,0.3326335204356485
Qwen3 Embedding,Pixtral,3,faces,0.3338074453434689
Qwen3 Embedding,Pixtral,3,bodies,0.347053915569194
Qwen3 Embedding,Pixtral,3,places,0.3270759468750155
Qwen3 Embedding,Pixtral,4,all,0.3337795781809617
Qwen3 Embedding,Pixtral,4,faces,0.2816234510519214
Qwen3 Embedding,Pixtral,4,bodies,0.3417308326633784
Qwen3 Embedding,Pixtral,4,places,0.3436210240734765
Qwen3 Embedding,Pixtral,5,all,0.4195073642592783
Qwen3 Embedding,Pixtral,5,faces,0.3816798307826492
Qwen3 Embedding,Pixtral,5,bodies,0.4063966282882713
Qwen3 Embedding,Pixtral,5,places,0.4762988697820426
Qwen3 Embedding,Pixtral,6,all,0.3263280570171806
Qwen3 Embedding,Pixtral,6,faces,0.3328149081587136
Qwen3 Embedding,Pixtral,6,bodies,0.3433946708001668
Qwen3 Embedding,Pixtral,6,places,0.3080972568984466
Qwen3 Embedding,Pixtral,7,all,0.3388938632142617
Qwen3 Embedding,Pixtral,7,faces,0.286308202651361
Qwen3 Embedding,Pixtral,7,bodies,0.3641242287208642
Qwen3 Embedding,Pixtral,7,places,0.3273181296053578
Qwen3 Embedding,Pixtral,8,all,0.2523854740587695
Qwen3 Embedding,Pixtral,8,faces,0.2523064256407942
Qwen3 Embedding,Pixtral,8,bodies,0.2556244920622566
Qwen3 Embedding,Pixtral,8,places,0.2580154512911494
Qwen3 Embedding,Qwen2.5-VL,1,all,0.415651964913004
Qwen3 Embedding,Qwen2.5-VL,1,faces,0.3384527716127461
Qwen3 Embedding,Qwen2.5-VL,1,bodies,0.4570360026732393
Qwen3 Embedding,Qwen2.5-VL,1,places,0.3963611964992032
Qwen3 Embedding,Qwen2.5-VL,2,all,0.3999742498158268
Qwen3 Embedding,Qwen2.5-VL,2,faces,0.303646688155887
Qwen3 Embedding,Qwen2.5-VL,2,bodies,0.4119286164131703
Qwen3 Embedding,Qwen2.5-VL,2,places,0.4284821303537573
Qwen3 Embedding,Qwen2.5-VL,3,all,0.3320816073361907
Qwen3 Embedding,Qwen2.5-VL,3,faces,0.3338833381306915
Qwen3 Embedding,Qwen2.5-VL,3,bodies,0.3484297496675949
Qwen3 Embedding,Qwen2.5-VL,3,places,0.3237867991341435
Qwen3 Embedding,Qwen2.5-VL,4,all,0.3363854949820842
Qwen3 Embedding,Qwen2.5-VL,4,faces,0.2811695229113189
Qwen3 Embedding,Qwen2.5-VL,4,bodies,0.3473153346886813
Qwen3 Embedding,Qwen2.5-VL,4,places,0.3424592106902147
Qwen3 Embedding,Qwen2.5-VL,5,all,0.4171626581929787
Qwen3 Embedding,Qwen2.5-VL,5,faces,0.3747856174050767
Qwen3 Embedding,Qwen2.5-VL,5,bodies,0.4042551909354953
Qwen3 Embedding,Qwen2.5-VL,5,places,0.4744988005635779
Qwen3 Embedding,Qwen2.5-VL,6,all,0.3239600722269818
Qwen3 Embedding,Qwen2.5-VL,6,faces,0.3312060193240015
Qwen3 Embedding,Qwen2.5-VL,6,bodies,0.345114469205575
Qwen3 Embedding,Qwen2.5-VL,6,places,0.2993299979323288
Qwen3 Embedding,Qwen2.5-VL,7,all,0.3429778158594497
Qwen3 Embedding,Qwen2.5-VL,7,faces,0.2867426442007642
Qwen3 Embedding,Qwen2.5-VL,7,bodies,0.3693536389892135
Qwen3 Embedding,Qwen2.5-VL,7,places,0.3308463825786137
Qwen3 Embedding,Qwen2.5-VL,8,all,0.2475643734209851
Qwen3 Embedding,Qwen2.5-VL,8,faces,0.2452398908837521
Qwen3 Embedding,Qwen2.5-VL,8,bodies,0.2514152635217982
Qwen3 Embedding,Qwen2.5-VL,8,places,0.2532926722761077
Qwen3 Embedding,Molmo,1,all,0.4086711028077341
Qwen3 Embedding,Molmo,1,faces,0.336773350925376
Qwen3 Embedding,Molmo,1,bodies,0.4446460313628612
Qwen3 Embedding,Molmo,1,places,0.3931494721263385
Qwen3 Embedding,Molmo,2,all,0.3971007249992548
Qwen3 Embedding,Molmo,2,faces,0.3062226875709686
Qwen3 Embedding,Molmo,2,bodies,0.4067322942839961
Qwen3 Embedding,Molmo,2,places,0.4260239118315825
Qwen3 Embedding,Molmo,3,all,0.3334167732030109
Qwen3 Embedding,Molmo,3,faces,0.3343296956403896
Qwen3 Embedding,Molmo,3,bodies,0.3473131635386215
Qwen3 Embedding,Molmo,3,places,0.3289069185728306
Qwen3 Embedding,Molmo,4,all,0.329015849383279
Qwen3 Embedding,Molmo,4,faces,0.2772383574837044
Qwen3 Embedding,Molmo,4,bodies,0.3404799673648934
Qwen3 Embedding,Molmo,4,places,0.3332569225696012
Qwen3 Embedding,Molmo,5,all,0.4163912650285441
Qwen3 Embedding,Molmo,5,faces,0.378843333570507
Qwen3 Embedding,Molmo,5,bodies,0.4020292412850924
Qwen3 Embedding,Molmo,5,places,0.473810237838187
Qwen3 Embedding,Molmo,6,all,0.3231969765158834
Qwen3 Embedding,Molmo,6,faces,0.3356175688019358
Qwen3 Embedding,Molmo,6,bodies,0.3443142007978951
Qwen3 Embedding,Molmo,6,places,0.2967480931952119
Qwen3 Embedding,Molmo,7,all,0.3410251994080443
Qwen3 Embedding,Molmo,7,faces,0.2880329874447893
Qwen3 Embedding,Molmo,7,bodies,0.3646439441489622
Qwen3 Embedding,Molmo,7,places,0.3310067313108271
Qwen3 Embedding,Molmo,8,all,0.2488490994764887
Qwen3 Embedding,Molmo,8,faces,0.2396588546858594
Qwen3 Embedding,Molmo,8,bodies,0.2491577121911017
Qwen3 Embedding,Molmo,8,places,0.2622175163747359
GPT-2,MS COCO,1,all,0.3370855625068596
GPT-2,MS COCO,1,faces,0.2905874155119512
GPT-2,MS COCO,1,bodies,0.3762204087084889
GPT-2,MS COCO,1,places,0.309245127465061
GPT-2,MS COCO,2,all,0.339454376727744
GPT-2,MS COCO,2,faces,0.2697338315761401
GPT-2,MS COCO,2,bodies,0.3498208826442934
GPT-2,MS COCO,2,places,0.3550313599789888
GPT-2,MS COCO,3,all,0.2779006200880023
GPT-2,MS COCO,3,faces,0.2732963336181438
GPT-2,MS COCO,3,bodies,0.2934869429073001
GPT-2,MS COCO,3,places,0.2722261346462052
GPT-2,MS COCO,4,all,0.2753731637053188
GPT-2,MS COCO,4,faces,0.2333818367830569
GPT-2,MS COCO,4,bodies,0.2902748426912646
GPT-2,MS COCO,4,places,0.2693083122994978
GPT-2,MS COCO,5,all,0.3519718735729321
GPT-2,MS COCO,5,faces,0.3111913734541749
GPT-2,MS COCO,5,bodies,0.3414961164364601
GPT-2,MS COCO,5,places,0.4004073188809083
GPT-2,MS COCO,6,all,0.2676856183547524
GPT-2,MS COCO,6,faces,0.2748214727153583
GPT-2,MS COCO,6,bodies,0.2860738914219836
GPT-2,MS COCO,6,places,0.247393207441289
GPT-2,MS COCO,7,all,0.2830134454185755
GPT-2,MS COCO,7,faces,0.2397603397804593
GPT-2,MS COCO,7,bodies,0.3075758222374016
GPT-2,MS COCO,7,places,0.2659834004035522
GPT-2,MS COCO,8,all,0.2098783682180039
GPT-2,MS COCO,8,faces,0.2001084053986363
GPT-2,MS COCO,8,bodies,0.2154579938819555
GPT-2,MS COCO,8,places,0.2151795801067851
GPT-2,LLaVA-OV,1,all,0.3873655841014463
GPT-2,LLaVA-OV,1,faces,0.3275537382609306
GPT-2,LLaVA-OV,1,bodies,0.4272667761109747
GPT-2,LLaVA-OV,1,places,0.3638207217408419
GPT-2,LLaVA-OV,2,all,0.3763202772901849
GPT-2,LLaVA-OV,2,faces,0.2946074286818782
GPT-2,LLaVA-OV,2,bodies,0.3873426293327098
GPT-2,LLaVA-OV,2,places,0.3994871113826573
GPT-2,LLaVA-OV,3,all,0.3173448185962538
GPT-2,LLaVA-OV,3,faces,0.3225224107455041
GPT-2,LLaVA-OV,3,bodies,0.3315357561874997
GPT-2,LLaVA-OV,3,places,0.3099045249597106
GPT-2,LLaVA-OV,4,all,0.3134773758191547
GPT-2,LLaVA-OV,4,faces,0.2658565678065816
GPT-2,LLaVA-OV,4,bodies,0.3253861006827908
GPT-2,LLaVA-OV,4,places,0.3157796950471604
GPT-2,LLaVA-OV,5,all,0.3894754301057104
GPT-2,LLaVA-OV,5,faces,0.35730565237099
GPT-2,LLaVA-OV,5,bodies,0.3759020534847344
GPT-2,LLaVA-OV,5,places,0.4423853640972078
GPT-2,LLaVA-OV,6,all,0.3021645163450179
GPT-2,LLaVA-OV,6,faces,0.3258150303963557
GPT-2,LLaVA-OV,6,bodies,0.3271980859221628
GPT-2,LLaVA-OV,6,places,0.2681724543287264
GPT-2,LLaVA-OV,7,all,0.3177587928956189
GPT-2,LLaVA-OV,7,faces,0.2680908709991979
GPT-2,LLaVA-OV,7,bodies,0.343904176115888
GPT-2,LLaVA-OV,7,places,0.3033701643240719
GPT-2,LLaVA-OV,8,all,0.2372993606190903
GPT-2,LLaVA-OV,8,faces,0.2391534822978574
GPT-2,LLaVA-OV,8,bodies,0.2428913260157275
GPT-2,LLaVA-OV,8,places,0.2385529985751332
GPT-2,Phi-4,1,all,0.3795794762448755
GPT-2,Phi-4,1,faces,0.3167368476364725
GPT-2,Phi-4,1,bodies,0.4194460505475255
GPT-2,Phi-4,1,places,0.3563872235976146
GPT-2,Phi-4,2,all,0.37001587424911
GPT-2,Phi-4,2,faces,0.2860507182633802
GPT-2,Phi-4,2,bodies,0.3841505682879771
GPT-2,Phi-4,2,places,0.3894864420495814
GPT-2,Phi-4,3,all,0.3153640541605493
GPT-2,Phi-4,3,faces,0.321874725801874
GPT-2,Phi-4,3,bodies,0.3304931130402206
GPT-2,Phi-4,3,places,0.3064408446469853
GPT-2,Phi-4,4,all,0.3077209907620252
GPT-2,Phi-4,4,faces,0.2565800386721984
GPT-2,Phi-4,4,bodies,0.3249928433120919
GPT-2,Phi-4,4,places,0.3029684952751993
GPT-2,Phi-4,5,all,0.3816393507564227
GPT-2,Phi-4,5,faces,0.3455363593135157
GPT-2,Phi-4,5,bodies,0.3719705627491171
GPT-2,Phi-4,5,places,0.4289759412690461
GPT-2,Phi-4,6,all,0.2887732558018591
GPT-2,Phi-4,6,faces,0.3099548102553588
GPT-2,Phi-4,6,bodies,0.3123860184764184
GPT-2,Phi-4,6,places,0.2578331654139262
GPT-2,Phi-4,7,all,0.3142258584264096
GPT-2,Phi-4,7,faces,0.2647764393359939
GPT-2,Phi-4,7,bodies,0.3401983074643501
GPT-2,Phi-4,7,places,0.3003264327365903
GPT-2,Phi-4,8,all,0.2358218581327235
GPT-2,Phi-4,8,faces,0.2317873585853418
GPT-2,Phi-4,8,bodies,0.2414866644438638
GPT-2,Phi-4,8,places,0.2395166421199546
GPT-2,Pixtral,1,all,0.3859985256432485
GPT-2,Pixtral,1,faces,0.3201782682739684
GPT-2,Pixtral,1,bodies,0.4203617309310438
GPT-2,Pixtral,1,places,0.3708057466550208
GPT-2,Pixtral,2,all,0.3754631092021832
GPT-2,Pixtral,2,faces,0.2879281443648334
GPT-2,Pixtral,2,bodies,0.3872716022685186
GPT-2,Pixtral,2,places,0.3987951510772471
GPT-2,Pixtral,3,all,0.3168411230190404
GPT-2,Pixtral,3,faces,0.3160231239184269
GPT-2,Pixtral,3,bodies,0.3303032278298474
GPT-2,Pixtral,3,places,0.3128734236061655
GPT-2,Pixtral,4,all,0.3115151040739827
GPT-2,Pixtral,4,faces,0.2628014095102169
GPT-2,Pixtral,4,bodies,0.318031279045564
GPT-2,Pixtral,4,places,0.321772226351132
GPT-2,Pixtral,5,all,0.3925159286056884
GPT-2,Pixtral,5,faces,0.3572423607686996
GPT-2,Pixtral,5,bodies,0.3795890633524594
GPT-2,Pixtral,5,places,0.4457659628987734
GPT-2,Pixtral,6,all,0.3032100489590915
GPT-2,Pixtral,6,faces,0.3096769778444425
GPT-2,Pixtral,6,bodies,0.3218635049481971
GPT-2,Pixtral,6,places,0.282923610642489
GPT-2,Pixtral,7,all,0.3225380993091018
GPT-2,Pixtral,7,faces,0.2658046215552712
GPT-2,Pixtral,7,bodies,0.3430228594318146
GPT-2,Pixtral,7,places,0.3180195776829874
GPT-2,Pixtral,8,all,0.238997198524445
GPT-2,Pixtral,8,faces,0.2420868584625727
GPT-2,Pixtral,8,bodies,0.239408923660474
GPT-2,Pixtral,8,places,0.2459698712299903
GPT-2,Qwen2.5-VL,1,all,0.3833488683309055
GPT-2,Qwen2.5-VL,1,faces,0.3207763884424114
GPT-2,Qwen2.5-VL,1,bodies,0.423147276529548
GPT-2,Qwen2.5-VL,1,places,0.3607191406828203
GPT-2,Qwen2.5-VL,2,all,0.377131018427371
GPT-2,Qwen2.5-VL,2,faces,0.2843648368583897
GPT-2,Qwen2.5-VL,2,bodies,0.3895375651078535
GPT-2,Qwen2.5-VL,2,places,0.4021452094437391
GPT-2,Qwen2.5-VL,3,all,0.3166827389141249
GPT-2,Qwen2.5-VL,3,faces,0.3205075865897004
GPT-2,Qwen2.5-VL,3,bodies,0.3320177615209955
GPT-2,Qwen2.5-VL,3,places,0.3082657032465828
GPT-2,Qwen2.5-VL,4,all,0.3138147194507141
GPT-2,Qwen2.5-VL,4,faces,0.2628575470410332
GPT-2,Qwen2.5-VL,4,bodies,0.3241163325791196
GPT-2,Qwen2.5-VL,4,places,0.3181361593528616
GPT-2,Qwen2.5-VL,5,all,0.3888445541010305
GPT-2,Qwen2.5-VL,5,faces,0.3503448361467831
GPT-2,Qwen2.5-VL,5,bodies,0.3754961080492374
GPT-2,Qwen2.5-VL,5,places,0.4422820179281108
GPT-2,Qwen2.5-VL,6,all,0.300442790010869
GPT-2,Qwen2.5-VL,6,faces,0.3065777780495359
GPT-2,Qwen2.5-VL,6,bodies,0.3237111413109754
GPT-2,Qwen2.5-VL,6,places,0.2730819205486264
GPT-2,Qwen2.5-VL,7,all,0.3266285055967965
GPT-2,Qwen2.5-VL,7,faces,0.2706552714123811
GPT-2,Qwen2.5-VL,7,bodies,0.3503872256952958
GPT-2,Qwen2.5-VL,7,places,0.3174471016409203
GPT-2,Qwen2.5-VL,8,all,0.2334588383537627
GPT-2,Qwen2.5-VL,8,faces,0.2374832482980637
GPT-2,Qwen2.5-VL,8,bodies,0.2387165702844028
GPT-2,Qwen2.5-VL,8,places,0.2342696887763453
GPT-2,Molmo,1,all,0.389533552514912
GPT-2,Molmo,1,faces,0.3147940180706416
GPT-2,Molmo,1,bodies,0.4205457645539314
GPT-2,Molmo,1,places,0.3798059469291918
GPT-2,Molmo,2,all,0.3799748302357846
GPT-2,Molmo,2,faces,0.2895510220493905
GPT-2,Molmo,2,bodies,0.3862799133089353
GPT-2,Molmo,2,places,0.4114865800002416
GPT-2,Molmo,3,all,0.3176360665721809
GPT-2,Molmo,3,faces,0.312494543779464
GPT-2,Molmo,3,bodies,0.3254449083515258
GPT-2,Molmo,3,places,0.3223491787665678
GPT-2,Molmo,4,all,0.3111907247676925
GPT-2,Molmo,4,faces,0.2594849482856929
GPT-2,Molmo,4,bodies,0.3177769774793352
GPT-2,Molmo,4,places,0.3213637559002281
GPT-2,Molmo,5,all,0.3932957559789448
GPT-2,Molmo,5,faces,0.3531364055001942
GPT-2,Molmo,5,bodies,0.3769232119567329
GPT-2,Molmo,5,places,0.4543663838625442
GPT-2,Molmo,6,all,0.304163611911721
GPT-2,Molmo,6,faces,0.3092781417926474
GPT-2,Molmo,6,bodies,0.3226755538871335
GPT-2,Molmo,6,places,0.2840954482960328
GPT-2,Molmo,7,all,0.326284229757369
GPT-2,Molmo,7,faces,0.2726580432964222
GPT-2,Molmo,7,bodies,0.3464538463609948
GPT-2,Molmo,7,places,0.3205997676458925
GPT-2,Molmo,8,all,0.2343466045654923
GPT-2,Molmo,8,faces,0.2267436559381226
GPT-2,Molmo,8,bodies,0.2345424040804061
GPT-2,Molmo,8,places,0.2453931448589303
Llama3,MS COCO,1,all,0.3554299568639959
Llama3,MS COCO,1,faces,0.3007056175693466
Llama3,MS COCO,1,bodies,0.3974578754966407
Llama3,MS COCO,1,places,0.3270413773536049
Llama3,MS COCO,2,all,0.3528257740162314
Llama3,MS COCO,2,faces,0.281560480879552
Llama3,MS COCO,2,bodies,0.3640944606874077
Llama3,MS COCO,2,places,0.3702207298195281
Llama3,MS COCO,3,all,0.2894510857076064
Llama3,MS COCO,3,faces,0.2914680392952752
Llama3,MS COCO,3,bodies,0.3022618247027125
Llama3,MS COCO,3,places,0.2844373509806821
Llama3,MS COCO,4,all,0.29167635424962
Llama3,MS COCO,4,faces,0.241690475284026
Llama3,MS COCO,4,bodies,0.3022397308982675
Llama3,MS COCO,4,places,0.2966377633158706
Llama3,MS COCO,5,all,0.3677195071521503
Llama3,MS COCO,5,faces,0.3267871979833633
Llama3,MS COCO,5,bodies,0.353142247773772
Llama3,MS COCO,5,places,0.4256247748934785
Llama3,MS COCO,6,all,0.2805151889492269
Llama3,MS COCO,6,faces,0.2909720186391115
Llama3,MS COCO,6,bodies,0.3040373625018657
Llama3,MS COCO,6,places,0.2517123863450103
Llama3,MS COCO,7,all,0.2957695044205869
Llama3,MS COCO,7,faces,0.2524099244940754
Llama3,MS COCO,7,bodies,0.3216558444150975
Llama3,MS COCO,7,places,0.2781130109024483
Llama3,MS COCO,8,all,0.2168860266933261
Llama3,MS COCO,8,faces,0.2122563133978237
Llama3,MS COCO,8,bodies,0.2177862302389128
Llama3,MS COCO,8,places,0.2262564474867461
Llama3,LLaVA-OV,1,all,0.3994618555368429
Llama3,LLaVA-OV,1,faces,0.3298494845225585
Llama3,LLaVA-OV,1,bodies,0.4395706823433273
Llama3,LLaVA-OV,1,places,0.3780897854971113
Llama3,LLaVA-OV,2,all,0.3835606435620347
Llama3,LLaVA-OV,2,faces,0.3003445676743282
Llama3,LLaVA-OV,2,bodies,0.3945414654051891
Llama3,LLaVA-OV,2,places,0.4072105431581563
Llama3,LLaVA-OV,3,all,0.320327664826828
Llama3,LLaVA-OV,3,faces,0.3243152589090257
Llama3,LLaVA-OV,3,bodies,0.335883725487134
Llama3,LLaVA-OV,3,places,0.3119592929336658
Llama3,LLaVA-OV,4,all,0.321404866843742
Llama3,LLaVA-OV,4,faces,0.273046671583074
Llama3,LLaVA-OV,4,bodies,0.3313371847264356
Llama3,LLaVA-OV,4,places,0.3262874695877472
Llama3,LLaVA-OV,5,all,0.4015052151581647
Llama3,LLaVA-OV,5,faces,0.3660884799073799
Llama3,LLaVA-OV,5,bodies,0.3875962229572439
Llama3,LLaVA-OV,5,places,0.456887438209624
Llama3,LLaVA-OV,6,all,0.3110061736670672
Llama3,LLaVA-OV,6,faces,0.3292539719848735
Llama3,LLaVA-OV,6,bodies,0.3362518440969394
Llama3,LLaVA-OV,6,places,0.2782121547593599
Llama3,LLaVA-OV,7,all,0.3269480911001729
Llama3,LLaVA-OV,7,faces,0.2760535515497496
Llama3,LLaVA-OV,7,bodies,0.3548956098301717
Llama3,LLaVA-OV,7,places,0.3108095849892099
Llama3,LLaVA-OV,8,all,0.2372710676876051
Llama3,LLaVA-OV,8,faces,0.2367540456588273
Llama3,LLaVA-OV,8,bodies,0.240992404013815
Llama3,LLaVA-OV,8,places,0.2422581209284743
Llama3,Phi-4,1,all,0.3875007549941888
Llama3,Phi-4,1,faces,0.3212184578377679
Llama3,Phi-4,1,bodies,0.4306578162465724
Llama3,Phi-4,1,places,0.3621616215060891
Llama3,Phi-4,2,all,0.3760698597288627
Llama3,Phi-4,2,faces,0.2906610005112866
Llama3,Phi-4,2,bodies,0.3890207264842021
Llama3,Phi-4,2,places,0.3982373240852528
Llama3,Phi-4,3,all,0.320211985086605
Llama3,Phi-4,3,faces,0.3245888288796659
Llama3,Phi-4,3,bodies,0.336200785321783
Llama3,Phi-4,3,places,0.3106389032743656
Llama3,Phi-4,4,all,0.3123487763445467
Llama3,Phi-4,4,faces,0.2621344187258612
Llama3,Phi-4,4,bodies,0.3279988753798062
Llama3,Phi-4,4,places,0.3097124568751601
Llama3,Phi-4,5,all,0.3925302591495342
Llama3,Phi-4,5,faces,0.3551202252916191
Llama3,Phi-4,5,bodies,0.3812212712463181
Llama3,Phi-4,5,places,0.4436823611573688
Llama3,Phi-4,6,all,0.2975586548128441
Llama3,Phi-4,6,faces,0.3155253567028239
Llama3,Phi-4,6,bodies,0.3200640927925949
Llama3,Phi-4,6,places,0.2686848027347339
Llama3,Phi-4,7,all,0.3240663063559634
Llama3,Phi-4,7,faces,0.2742584329994875
Llama3,Phi-4,7,bodies,0.3540051025314873
Llama3,Phi-4,7,places,0.3046944612528885
Llama3,Phi-4,8,all,0.2378089873986228
Llama3,Phi-4,8,faces,0.2317953626987767
Llama3,Phi-4,8,bodies,0.2427117429641846
Llama3,Phi-4,8,places,0.2437031160208153
Llama3,Pixtral,1,all,0.4000805018174668
Llama3,Pixtral,1,faces,0.3259900290268391
Llama3,Pixtral,1,bodies,0.4333179764745163
Llama3,Pixtral,1,places,0.3888939654979166
Llama3,Pixtral,2,all,0.383280037852339
Llama3,Pixtral,2,faces,0.2944106470140387
Llama3,Pixtral,2,bodies,0.3978323080484579
Llama3,Pixtral,2,places,0.404124499939664
Llama3,Pixtral,3,all,0.3235676487043178
Llama3,Pixtral,3,faces,0.3234899558742971
Llama3,Pixtral,3,bodies,0.3359723618106421
Llama3,Pixtral,3,places,0.3207581322500856
Llama3,Pixtral,4,all,0.3205563963638648
Llama3,Pixtral,4,faces,0.2710976639095944
Llama3,Pixtral,4,bodies,0.3231968697082262
Llama3,Pixtral,4,places,0.335780237033336
Llama3,Pixtral,5,all,0.4040584680769116
Llama3,Pixtral,5,faces,0.3633156668606776
Llama3,Pixtral,5,bodies,0.387121387450574
Llama3,Pixtral,5,places,0.4674075909659107
Llama3,Pixtral,6,all,0.3135063663823063
Llama3,Pixtral,6,faces,0.3153494564607181
Llama3,Pixtral,6,bodies,0.3311583429489124
Llama3,Pixtral,6,places,0.2955901956764429
Llama3,Pixtral,7,all,0.3259967693331791
Llama3,Pixtral,7,faces,0.2742297464408419
Llama3,Pixtral,7,bodies,0.3499502685922205
Llama3,Pixtral,7,places,0.3158375670661827
Llama3,Pixtral,8,all,0.2403115776338801
Llama3,Pixtral,8,faces,0.2431341542276653
Llama3,Pixtral,8,bodies,0.2420758670327834
Llama3,Pixtral,8,places,0.2455544596939078
Llama3,Qwen2.5-VL,1,all,0.3981624765199612
Llama3,Qwen2.5-VL,1,faces,0.3223811455640103
Llama3,Qwen2.5-VL,1,bodies,0.4354193539269747
Llama3,Qwen2.5-VL,1,places,0.3824421519214837
Llama3,Qwen2.5-VL,2,all,0.3866005633635257
Llama3,Qwen2.5-VL,2,faces,0.2938999210942528
Llama3,Qwen2.5-VL,2,bodies,0.3977974122221364
Llama3,Qwen2.5-VL,2,places,0.4141454411060848
Llama3,Qwen2.5-VL,3,all,0.325105983064349
Llama3,Qwen2.5-VL,3,faces,0.3243128302877445
Llama3,Qwen2.5-VL,3,bodies,0.3380252617242797
Llama3,Qwen2.5-VL,3,places,0.322208341761442
Llama3,Qwen2.5-VL,4,all,0.3213765536178193
Llama3,Qwen2.5-VL,4,faces,0.2685064547545673
Llama3,Qwen2.5-VL,4,bodies,0.3291632637674154
Llama3,Qwen2.5-VL,4,places,0.3308486332748538
Llama3,Qwen2.5-VL,5,all,0.4014522862454124
Llama3,Qwen2.5-VL,5,faces,0.3595953350847921
Llama3,Qwen2.5-VL,5,bodies,0.385029675811977
Llama3,Qwen2.5-VL,5,places,0.4631554236943954
Llama3,Qwen2.5-VL,6,all,0.3104918323724632
Llama3,Qwen2.5-VL,6,faces,0.319193454363918
Llama3,Qwen2.5-VL,6,bodies,0.3308406577420545
Llama3,Qwen2.5-VL,6,places,0.2864667144029518
Llama3,Qwen2.5-VL,7,all,0.3351534788247363
Llama3,Qwen2.5-VL,7,faces,0.2784214370935642
Llama3,Qwen2.5-VL,7,bodies,0.3601645714618726
Llama3,Qwen2.5-VL,7,places,0.3246493979897366
Llama3,Qwen2.5-VL,8,all,0.2364912099054822
Llama3,Qwen2.5-VL,8,faces,0.2325736320638859
Llama3,Qwen2.5-VL,8,bodies,0.2382846869867433
Llama3,Qwen2.5-VL,8,places,0.2445409042132565
Llama3,Molmo,1,all,0.3947236423338149
Llama3,Molmo,1,faces,0.3209846724442424
Llama3,Molmo,1,bodies,0.4304695119570433
Llama3,Molmo,1,places,0.3793938889439486
Llama3,Molmo,2,all,0.3858452621629341
Llama3,Molmo,2,faces,0.294068534437658
Llama3,Molmo,2,bodies,0.3932481364840917
Llama3,Molmo,2,places,0.4169708433583773
Llama3,Molmo,3,all,0.3265588855020283
Llama3,Molmo,3,faces,0.3266724585121939
Llama3,Molmo,3,bodies,0.3382094445026785
Llama3,Molmo,3,places,0.3249855320331047
Llama3,Molmo,4,all,0.3138029579979472
Llama3,Molmo,4,faces,0.261263196939564
Llama3,Molmo,4,bodies,0.3190158922394143
Llama3,Molmo,4,places,0.3261037479961758
Llama3,Molmo,5,all,0.4019680165540116
Llama3,Molmo,5,faces,0.3603764649110359
Llama3,Molmo,5,bodies,0.3852078606331858
Llama3,Molmo,5,places,0.4643260255381627
Llama3,Molmo,6,all,0.3092590515153851
Llama3,Molmo,6,faces,0.3195576873160455
Llama3,Molmo,6,bodies,0.3266300871910012
Llama3,Molmo,6,places,0.2890913626467872
Llama3,Molmo,7,all,0.3329304500757016
Llama3,Molmo,7,faces,0.277958217445226
Llama3,Molmo,7,bodies,0.3545838289215486
Llama3,Molmo,7,places,0.3258418899000062
Llama3,Molmo,8,all,0.2387708949789903
Llama3,Molmo,8,faces,0.2320370567456942
Llama3,Molmo,8,bodies,0.2386835036796701
Llama3,Molmo,8,places,0.2503741522520286
BERT,MS COCO,1,all,0.3572036790807
BERT,MS COCO,1,faces,0.303281699389018
BERT,MS COCO,1,bodies,0.3965850519655016
BERT,MS COCO,1,places,0.3322706795003737
BERT,MS COCO,2,all,0.3528524400927227
BERT,MS COCO,2,faces,0.2787374215506008
BERT,MS COCO,2,bodies,0.3637382277234385
BERT,MS COCO,2,places,0.3725661577553996
BERT,MS COCO,3,all,0.2950812049927295
BERT,MS COCO,3,faces,0.2948860267401801
BERT,MS COCO,3,bodies,0.3048978118381706
BERT,MS COCO,3,places,0.295372695567365
BERT,MS COCO,4,all,0.2914535001063871
BERT,MS COCO,4,faces,0.2447558970018894
BERT,MS COCO,4,bodies,0.305413914734511
BERT,MS COCO,4,places,0.290096882818096
BERT,MS COCO,5,all,0.3640738750085048
BERT,MS COCO,5,faces,0.3241975107097952
BERT,MS COCO,5,bodies,0.3520054910367087
BERT,MS COCO,5,places,0.4174410234878828
BERT,MS COCO,6,all,0.2780941790375072
BERT,MS COCO,6,faces,0.288115861852722
BERT,MS COCO,6,bodies,0.2964660672276263
BERT,MS COCO,6,places,0.2569124889138954
BERT,MS COCO,7,all,0.3010625821941579
BERT,MS COCO,7,faces,0.2535056038742748
BERT,MS COCO,7,bodies,0.325852264920957
BERT,MS COCO,7,places,0.2874513373536235
BERT,MS COCO,8,all,0.2265254712925709
BERT,MS COCO,8,faces,0.2172676827045529
BERT,MS COCO,8,bodies,0.229632739394829
BERT,MS COCO,8,places,0.2360881605050626
BERT,LLaVA-OV,1,all,0.3811658671283363
BERT,LLaVA-OV,1,faces,0.3238466397373901
BERT,LLaVA-OV,1,bodies,0.4206523895263672
BERT,LLaVA-OV,1,places,0.3570562834231838
BERT,LLaVA-OV,2,all,0.3722193512184962
BERT,LLaVA-OV,2,faces,0.2906317926824749
BERT,LLaVA-OV,2,bodies,0.3830543181021737
BERT,LLaVA-OV,2,places,0.3956639170109428
BERT,LLaVA-OV,3,all,0.3137797570864514
BERT,LLaVA-OV,3,faces,0.3167704645755651
BERT,LLaVA-OV,3,bodies,0.3276282155669413
BERT,LLaVA-OV,3,places,0.307600570377152
BERT,LLaVA-OV,4,all,0.3107863824254882
BERT,LLaVA-OV,4,faces,0.2609647077672621
BERT,LLaVA-OV,4,bodies,0.3213079899197542
BERT,LLaVA-OV,4,places,0.3156656845139787
BERT,LLaVA-OV,5,all,0.3871146265718685
BERT,LLaVA-OV,5,faces,0.3456792501205168
BERT,LLaVA-OV,5,bodies,0.3731298726444283
BERT,LLaVA-OV,5,places,0.4443766616986066
BERT,LLaVA-OV,6,all,0.3008422382268375
BERT,LLaVA-OV,6,faces,0.3134348414052071
BERT,LLaVA-OV,6,bodies,0.3238191215582036
BERT,LLaVA-OV,6,places,0.2727928346922129
BERT,LLaVA-OV,7,all,0.3201533870386078
BERT,LLaVA-OV,7,faces,0.2727558871129329
BERT,LLaVA-OV,7,bodies,0.3469787697652691
BERT,LLaVA-OV,7,places,0.3042192426399349
BERT,LLaVA-OV,8,all,0.2336237966819165
BERT,LLaVA-OV,8,faces,0.2300728625747292
BERT,LLaVA-OV,8,bodies,0.2389511091125561
BERT,LLaVA-OV,8,places,0.2373560253555699
BERT,Phi-4,1,all,0.3773638377099524
BERT,Phi-4,1,faces,0.317423321251425
BERT,Phi-4,1,bodies,0.4174070812406994
BERT,Phi-4,1,places,0.3534008922595108
BERT,Phi-4,2,all,0.368722539050937
BERT,Phi-4,2,faces,0.2856226679549087
BERT,Phi-4,2,bodies,0.3798963339448536
BERT,Phi-4,2,places,0.392267752935815
BERT,Phi-4,3,all,0.3113558877006677
BERT,Phi-4,3,faces,0.3152729670609558
BERT,Phi-4,3,bodies,0.3249652221573232
BERT,Phi-4,3,places,0.3047696973591088
BERT,Phi-4,4,all,0.3073807651203593
BERT,Phi-4,4,faces,0.255406495695237
BERT,Phi-4,4,bodies,0.3243378270864608
BERT,Phi-4,4,places,0.3042707295605933
BERT,Phi-4,5,all,0.3799018152692157
BERT,Phi-4,5,faces,0.3422447536744736
BERT,Phi-4,5,bodies,0.3692425465093338
BERT,Phi-4,5,places,0.4300091187520537
BERT,Phi-4,6,all,0.2890744789179397
BERT,Phi-4,6,faces,0.3079141165865227
BERT,Phi-4,6,bodies,0.3116205153561939
BERT,Phi-4,6,places,0.2598506773744193
BERT,Phi-4,7,all,0.3135138755488124
BERT,Phi-4,7,faces,0.2687217987306537
BERT,Phi-4,7,bodies,0.3400631938963481
BERT,Phi-4,7,places,0.2976751002699159
BERT,Phi-4,8,all,0.2333943307079613
BERT,Phi-4,8,faces,0.2277958660365239
BERT,Phi-4,8,bodies,0.240421482111091
BERT,Phi-4,8,places,0.2367283086113582
BERT,Pixtral,1,all,0.3968068506182937
BERT,Pixtral,1,faces,0.3311425184383942
BERT,Pixtral,1,bodies,0.4274967286884401
BERT,Pixtral,1,places,0.3861236661550523
BERT,Pixtral,2,all,0.3832697518004974
BERT,Pixtral,2,faces,0.2971493361025725
BERT,Pixtral,2,bodies,0.3946387860239038
BERT,Pixtral,2,places,0.4079598560687112
BERT,Pixtral,3,all,0.3273042984990287
BERT,Pixtral,3,faces,0.321910048976089
BERT,Pixtral,3,bodies,0.336967721353147
BERT,Pixtral,3,places,0.3298061849383985
BERT,Pixtral,4,all,0.3208201373864948
BERT,Pixtral,4,faces,0.2729526806669982
BERT,Pixtral,4,bodies,0.325286786212166
BERT,Pixtral,4,places,0.3331842691675941
BERT,Pixtral,5,all,0.3985271080738035
BERT,Pixtral,5,faces,0.3591518559918054
BERT,Pixtral,5,bodies,0.3832637030810038
BERT,Pixtral,5,places,0.4579366237576324
BERT,Pixtral,6,all,0.3138845635555171
BERT,Pixtral,6,faces,0.3175246767569658
BERT,Pixtral,6,bodies,0.3291312569142537
BERT,Pixtral,6,places,0.2986252027536905
BERT,Pixtral,7,all,0.33234629976122
BERT,Pixtral,7,faces,0.2783422392050685
BERT,Pixtral,7,bodies,0.3524371051271589
BERT,Pixtral,7,places,0.327429029114038
BERT,Pixtral,8,all,0.2471743490798486
BERT,Pixtral,8,faces,0.2488683811146897
BERT,Pixtral,8,bodies,0.2475059736238737
BERT,Pixtral,8,places,0.2546321182353876
BERT,Qwen2.5-VL,1,all,0.390172708284275
BERT,Qwen2.5-VL,1,faces,0.3242837297877279
BERT,Qwen2.5-VL,1,bodies,0.4270475332881362
BERT,Qwen2.5-VL,1,places,0.3721847651135148
BERT,Qwen2.5-VL,2,all,0.3825642668361395
BERT,Qwen2.5-VL,2,faces,0.2908067362803008
BERT,Qwen2.5-VL,2,bodies,0.3921016073179268
BERT,Qwen2.5-VL,2,places,0.4118422050428673
BERT,Qwen2.5-VL,3,all,0.319559306806907
BERT,Qwen2.5-VL,3,faces,0.3204907978802178
BERT,Qwen2.5-VL,3,bodies,0.3307077259922177
BERT,Qwen2.5-VL,3,places,0.3176400102215544
BERT,Qwen2.5-VL,4,all,0.3201801990537739
BERT,Qwen2.5-VL,4,faces,0.2653656318539478
BERT,Qwen2.5-VL,4,bodies,0.3265906569815008
BERT,Qwen2.5-VL,4,places,0.3324292117828666
BERT,Qwen2.5-VL,5,all,0.3928285307298355
BERT,Qwen2.5-VL,5,faces,0.3547269035259577
BERT,Qwen2.5-VL,5,bodies,0.3776685327076267
BERT,Qwen2.5-VL,5,places,0.4504778699268837
BERT,Qwen2.5-VL,6,all,0.3100740266475152
BERT,Qwen2.5-VL,6,faces,0.3149002033079217
BERT,Qwen2.5-VL,6,bodies,0.3293571360782876
BERT,Qwen2.5-VL,6,places,0.2888418856280115
BERT,Qwen2.5-VL,7,all,0.3309723058504826
BERT,Qwen2.5-VL,7,faces,0.2749603417931231
BERT,Qwen2.5-VL,7,bodies,0.3551428135014973
BERT,Qwen2.5-VL,7,places,0.3214414494823825
BERT,Qwen2.5-VL,8,all,0.2390972998582902
BERT,Qwen2.5-VL,8,faces,0.2398026842214382
BERT,Qwen2.5-VL,8,bodies,0.2432888997104409
BERT,Qwen2.5-VL,8,places,0.2425420862197737
BERT,Molmo,1,all,0.3921041914193268
BERT,Molmo,1,faces,0.3195580359455443
BERT,Molmo,1,bodies,0.419379518983728
BERT,Molmo,1,places,0.3864533508941368
BERT,Molmo,2,all,0.3876784669225247
BERT,Molmo,2,faces,0.2958734656430026
BERT,Molmo,2,bodies,0.3939436807628645
BERT,Molmo,2,places,0.4215595850726908
BERT,Molmo,3,all,0.3255487595175354
BERT,Molmo,3,faces,0.3215119824398091
BERT,Molmo,3,bodies,0.3332286680656546
BERT,Molmo,3,places,0.3306170607058246
BERT,Molmo,4,all,0.3174659921651483
BERT,Molmo,4,faces,0.2614378714131973
BERT,Molmo,4,bodies,0.3224800012413888
BERT,Molmo,4,places,0.3321320999602568
BERT,Molmo,5,all,0.3991100647976991
BERT,Molmo,5,faces,0.3544790390645845
BERT,Molmo,5,bodies,0.3812974573839479
BERT,Molmo,5,places,0.4641972986457887
BERT,Molmo,6,all,0.3128394637813149
BERT,Molmo,6,faces,0.317445227211053
BERT,Molmo,6,bodies,0.3306386466760522
BERT,Molmo,6,places,0.2935768555141589
BERT,Molmo,7,all,0.332262920410962
BERT,Molmo,7,faces,0.2717167164914002
BERT,Molmo,7,bodies,0.3495268151509383
BERT,Molmo,7,places,0.3324393201614697
BERT,Molmo,8,all,0.2467514274831873
BERT,Molmo,8,faces,0.2317291437636154
BERT,Molmo,8,bodies,0.2468414547589639
BERT,Molmo,8,places,0.2622483043893162
KaLM Embedding,MS COCO,1,all,0.3791116858253071
KaLM Embedding,MS COCO,1,faces,0.3169181252780713
KaLM Embedding,MS COCO,1,bodies,0.4245873911136582
KaLM Embedding,MS COCO,1,places,0.3491452761101716
KaLM Embedding,MS COCO,2,all,0.3720266321868735
KaLM Embedding,MS COCO,2,faces,0.2921736233813602
KaLM Embedding,MS COCO,2,bodies,0.3858163050942984
KaLM Embedding,MS COCO,2,places,0.3903364173743496
KaLM Embedding,MS COCO,3,all,0.310749641987185
KaLM Embedding,MS COCO,3,faces,0.314767473145453
KaLM Embedding,MS COCO,3,bodies,0.3274466753100181
KaLM Embedding,MS COCO,3,places,0.300417540563624
KaLM Embedding,MS COCO,4,all,0.3094853524238208
KaLM Embedding,MS COCO,4,faces,0.2600969421423093
KaLM Embedding,MS COCO,4,bodies,0.3266150898546023
KaLM Embedding,MS COCO,4,places,0.305357506956771
KaLM Embedding,MS COCO,5,all,0.3864935309215296
KaLM Embedding,MS COCO,5,faces,0.3474379722960569
KaLM Embedding,MS COCO,5,bodies,0.3754099589726197
KaLM Embedding,MS COCO,5,places,0.4387338969386395
KaLM Embedding,MS COCO,6,all,0.2973412920939294
KaLM Embedding,MS COCO,6,faces,0.3042698191173041
KaLM Embedding,MS COCO,6,bodies,0.320306923438774
KaLM Embedding,MS COCO,6,places,0.2707875888703919
KaLM Embedding,MS COCO,7,all,0.3124847242550574
KaLM Embedding,MS COCO,7,faces,0.2659044615694224
KaLM Embedding,MS COCO,7,bodies,0.3415001705668373
KaLM Embedding,MS COCO,7,places,0.2925298771697415
KaLM Embedding,MS COCO,8,all,0.2366240382820693
KaLM Embedding,MS COCO,8,faces,0.2310787422329857
KaLM Embedding,MS COCO,8,bodies,0.2418731677566239
KaLM Embedding,MS COCO,8,places,0.2416596251364005
KaLM Embedding,LLaVA-OV,1,all,0.4098465892938891
KaLM Embedding,LLaVA-OV,1,faces,0.3350898569044859
KaLM Embedding,LLaVA-OV,1,bodies,0.4503505444348519
KaLM Embedding,LLaVA-OV,1,places,0.3899027396719658
KaLM Embedding,LLaVA-OV,2,all,0.3914202280416608
KaLM Embedding,LLaVA-OV,2,faces,0.3021980959788625
KaLM Embedding,LLaVA-OV,2,bodies,0.4031203642455455
KaLM Embedding,LLaVA-OV,2,places,0.4173463680281041
KaLM Embedding,LLaVA-OV,3,all,0.3279967439025834
KaLM Embedding,LLaVA-OV,3,faces,0.3317755305793928
KaLM Embedding,LLaVA-OV,3,bodies,0.344372297046511
KaLM Embedding,LLaVA-OV,3,places,0.3190547160798757
KaLM Embedding,LLaVA-OV,4,all,0.3295062246273729
KaLM Embedding,LLaVA-OV,4,faces,0.2772090610820977
KaLM Embedding,LLaVA-OV,4,bodies,0.3421087064251317
KaLM Embedding,LLaVA-OV,4,places,0.3333665960588272
KaLM Embedding,LLaVA-OV,5,all,0.4079951753548033
KaLM Embedding,LLaVA-OV,5,faces,0.3684682966681087
KaLM Embedding,LLaVA-OV,5,bodies,0.394682722470313
KaLM Embedding,LLaVA-OV,5,places,0.4642191379254972
KaLM Embedding,LLaVA-OV,6,all,0.3190066982152011
KaLM Embedding,LLaVA-OV,6,faces,0.3324963956524016
KaLM Embedding,LLaVA-OV,6,bodies,0.3440761866100261
KaLM Embedding,LLaVA-OV,6,places,0.2879511369551792
KaLM Embedding,LLaVA-OV,7,all,0.3324644505825955
KaLM Embedding,LLaVA-OV,7,faces,0.2816770929002105
KaLM Embedding,LLaVA-OV,7,bodies,0.3616221356255339
KaLM Embedding,LLaVA-OV,7,places,0.3152763716674465
KaLM Embedding,LLaVA-OV,8,all,0.2454851238349343
KaLM Embedding,LLaVA-OV,8,faces,0.2443963264634026
KaLM Embedding,LLaVA-OV,8,bodies,0.2504207248924063
KaLM Embedding,LLaVA-OV,8,places,0.2495628470350882
KaLM Embedding,Phi-4,1,all,0.3976415206877755
KaLM Embedding,Phi-4,1,faces,0.327176822095536
KaLM Embedding,Phi-4,1,bodies,0.4403160863215337
KaLM Embedding,Phi-4,1,places,0.3741736061209215
KaLM Embedding,Phi-4,2,all,0.3830488340065624
KaLM Embedding,Phi-4,2,faces,0.2960287960831528
KaLM Embedding,Phi-4,2,bodies,0.3974905183480633
KaLM Embedding,Phi-4,2,places,0.4043119786083244
KaLM Embedding,Phi-4,3,all,0.3256806020505438
KaLM Embedding,Phi-4,3,faces,0.3306572429165648
KaLM Embedding,Phi-4,3,bodies,0.3418735462722596
KaLM Embedding,Phi-4,3,places,0.315822698475863
KaLM Embedding,Phi-4,4,all,0.3190142007890902
KaLM Embedding,Phi-4,4,faces,0.2661432494395198
KaLM Embedding,Phi-4,4,bodies,0.3356094959253977
KaLM Embedding,Phi-4,4,places,0.3164388198587015
KaLM Embedding,Phi-4,5,all,0.4002153392232434
KaLM Embedding,Phi-4,5,faces,0.3610616195337719
KaLM Embedding,Phi-4,5,bodies,0.3904800883234857
KaLM Embedding,Phi-4,5,places,0.4503308794852464
KaLM Embedding,Phi-4,6,all,0.3076360258937844
KaLM Embedding,Phi-4,6,faces,0.3234856354731011
KaLM Embedding,Phi-4,6,bodies,0.3322270507012699
KaLM Embedding,Phi-4,6,places,0.2762167169309681
KaLM Embedding,Phi-4,7,all,0.3281934391553457
KaLM Embedding,Phi-4,7,faces,0.2749052239956945
KaLM Embedding,Phi-4,7,bodies,0.3571730719672309
KaLM Embedding,Phi-4,7,places,0.3115444337788963
KaLM Embedding,Phi-4,8,all,0.2429553022880942
KaLM Embedding,Phi-4,8,faces,0.2387546560532727
KaLM Embedding,Phi-4,8,bodies,0.2492381935837965
KaLM Embedding,Phi-4,8,places,0.2465525277413371
KaLM Embedding,Pixtral,1,all,0.4213558804219575
KaLM Embedding,Pixtral,1,faces,0.3440377699766473
KaLM Embedding,Pixtral,1,bodies,0.4555160111756716
KaLM Embedding,Pixtral,1,places,0.4103265017818271
KaLM Embedding,Pixtral,2,all,0.4041253601091936
KaLM Embedding,Pixtral,2,faces,0.3089835167936683
KaLM Embedding,Pixtral,2,bodies,0.417325393571162
KaLM Embedding,Pixtral,2,places,0.4309155877035518
KaLM Embedding,Pixtral,3,all,0.3382491610248985
KaLM Embedding,Pixtral,3,faces,0.3393656859035688
KaLM Embedding,Pixtral,3,bodies,0.3513693828063252
KaLM Embedding,Pixtral,3,places,0.3344097968464614
KaLM Embedding,Pixtral,4,all,0.3393306303109344
KaLM Embedding,Pixtral,4,faces,0.2878466315181615
KaLM Embedding,Pixtral,4,bodies,0.345357037611849
KaLM Embedding,Pixtral,4,places,0.3515835740332402
KaLM Embedding,Pixtral,5,all,0.4232943534834325
KaLM Embedding,Pixtral,5,faces,0.3856061285613179
KaLM Embedding,Pixtral,5,bodies,0.4086104986050264
KaLM Embedding,Pixtral,5,places,0.4828388409430906
KaLM Embedding,Pixtral,6,all,0.3331012621852526
KaLM Embedding,Pixtral,6,faces,0.3393380689557478
KaLM Embedding,Pixtral,6,bodies,0.3516233658644751
KaLM Embedding,Pixtral,6,places,0.3128035384783871
KaLM Embedding,Pixtral,7,all,0.3440199845813782
KaLM Embedding,Pixtral,7,faces,0.2896261365464487
KaLM Embedding,Pixtral,7,bodies,0.3686240622706999
KaLM Embedding,Pixtral,7,places,0.3338935440855314
KaLM Embedding,Pixtral,8,all,0.2557232254364861
KaLM Embedding,Pixtral,8,faces,0.2557975102525408
KaLM Embedding,Pixtral,8,bodies,0.258976126483304
KaLM Embedding,Pixtral,8,places,0.2614056742525964
KaLM Embedding,Qwen2.5-VL,1,all,0.4209121218180965
KaLM Embedding,Qwen2.5-VL,1,faces,0.3435536904095336
KaLM Embedding,Qwen2.5-VL,1,bodies,0.4615559223877659
KaLM Embedding,Qwen2.5-VL,1,places,0.4019352951160332
KaLM Embedding,Qwen2.5-VL,2,all,0.4053377927094641
KaLM Embedding,Qwen2.5-VL,2,faces,0.3087101638406203
KaLM Embedding,Qwen2.5-VL,2,bodies,0.4167212960488183
KaLM Embedding,Qwen2.5-VL,2,places,0.4356033065749493
KaLM Embedding,Qwen2.5-VL,3,all,0.3383987922099472
KaLM Embedding,Qwen2.5-VL,3,faces,0.3431796461573332
KaLM Embedding,Qwen2.5-VL,3,bodies,0.3540501562580572
KaLM Embedding,Qwen2.5-VL,3,places,0.3297368851556752
KaLM Embedding,Qwen2.5-VL,4,all,0.3404218420178679
KaLM Embedding,Qwen2.5-VL,4,faces,0.2863048974838279
KaLM Embedding,Qwen2.5-VL,4,bodies,0.3499828272517182
KaLM Embedding,Qwen2.5-VL,4,places,0.3482352509175718
KaLM Embedding,Qwen2.5-VL,5,all,0.4242738453347398
KaLM Embedding,Qwen2.5-VL,5,faces,0.382086533031309
KaLM Embedding,Qwen2.5-VL,5,bodies,0.4090602307743584
KaLM Embedding,Qwen2.5-VL,5,places,0.485572139915979
KaLM Embedding,Qwen2.5-VL,6,all,0.3287120707239159
KaLM Embedding,Qwen2.5-VL,6,faces,0.3389499088095283
KaLM Embedding,Qwen2.5-VL,6,bodies,0.350837589054671
KaLM Embedding,Qwen2.5-VL,6,places,0.3015461596676488
KaLM Embedding,Qwen2.5-VL,7,all,0.348510340456675
KaLM Embedding,Qwen2.5-VL,7,faces,0.2904160622111912
KaLM Embedding,Qwen2.5-VL,7,bodies,0.3724598308338159
KaLM Embedding,Qwen2.5-VL,7,places,0.3401143847572367
KaLM Embedding,Qwen2.5-VL,8,all,0.2486809054587571
KaLM Embedding,Qwen2.5-VL,8,faces,0.2474064807942573
KaLM Embedding,Qwen2.5-VL,8,bodies,0.2537757598797457
KaLM Embedding,Qwen2.5-VL,8,places,0.2521692575306952
KaLM Embedding,Molmo,1,all,0.4157530639525122
KaLM Embedding,Molmo,1,faces,0.3401096263554458
KaLM Embedding,Molmo,1,bodies,0.4507678309619889
KaLM Embedding,Molmo,1,places,0.4023410769274635
KaLM Embedding,Molmo,2,all,0.4041960293143397
KaLM Embedding,Molmo,2,faces,0.308320184179599
KaLM Embedding,Molmo,2,bodies,0.4129498663613657
KaLM Embedding,Molmo,2,places,0.4367411547284578
KaLM Embedding,Molmo,3,all,0.3380783498869528
KaLM Embedding,Molmo,3,faces,0.3404300642413551
KaLM Embedding,Molmo,3,bodies,0.3517945240960285
KaLM Embedding,Molmo,3,places,0.3335502632724199
KaLM Embedding,Molmo,4,all,0.3340177832069048
KaLM Embedding,Molmo,4,faces,0.2806982352304019
KaLM Embedding,Molmo,4,bodies,0.3429371026248201
KaLM Embedding,Molmo,4,places,0.3422574114973076
KaLM Embedding,Molmo,5,all,0.42334383428736
KaLM Embedding,Molmo,5,faces,0.386116567059098
KaLM Embedding,Molmo,5,bodies,0.4083112741884038
KaLM Embedding,Molmo,5,places,0.4824427632513937
KaLM Embedding,Molmo,6,all,0.3299101492340349
KaLM Embedding,Molmo,6,faces,0.3382953959262003
KaLM Embedding,Molmo,6,bodies,0.3499534035767926
KaLM Embedding,Molmo,6,places,0.3064080434602809
KaLM Embedding,Molmo,7,all,0.3457320982678495
KaLM Embedding,Molmo,7,faces,0.2902468794183222
KaLM Embedding,Molmo,7,bodies,0.3705426369589003
KaLM Embedding,Molmo,7,places,0.3353771991078867
KaLM Embedding,Molmo,8,all,0.2528364770057427
KaLM Embedding,Molmo,8,faces,0.2469625995086919
KaLM Embedding,Molmo,8,bodies,0.2546844783552744
KaLM Embedding,Molmo,8,places,0.262743299942529
